Security,BBAJIOO MF Equity                                               ,,,,,,,,,,,
Start Date,07/06/2017 00:00,,,,,,,,,,,
End Date,04/10/2019 00:00,,,,,,,,,,,
Period,D,,,,,,,,,,,
Currency,MXN,,,,,,,,,,,
,,,,,,,,,,,,
Date,PX_LAST,Change,% Change,PX_OPEN,Change,% Change,PX_HIGH,Change,% Change,PX_LOW,Change,% Change
04/10/2019,32.24,0.13,0.4048583,32.04,-0.07,-0.218000623,33.01,0.9,2.802865151,30.84,-1.27,-3.955154158
03/10/2019,32.11,-0.54,-1.653905054,32.31,-0.34,-1.041347626,32.7,0.05,0.153139357,32.02,-0.63,-1.929555896
02/10/2019,32.65,-0.25,-0.759878419,32.88,-0.02,-0.060790274,32.99,0.09,0.273556231,32.24,-0.66,-2.006079027
01/10/2019,32.9,0.27,0.827459393,32.55,-0.08,-0.245173154,32.92,0.29,0.888752682,32.54,-0.09,-0.275819798
30/09/2019,32.63,-0.2,-0.609198903,32.73,-0.1,-0.304599452,33.46,0.63,1.918976546,32.5,-0.33,-1.005178191
27/09/2019,32.83,0.21,0.643776824,32.8,0.18,0.551808706,32.98,0.36,1.103617413,32.6,-0.02,-0.061312078
26/09/2019,32.62,-0.11,-0.336083104,32.83,0.1,0.305530095,32.83,0.1,0.305530095,32.25,-0.48,-1.466544455
25/09/2019,32.73,-0.45,-1.356238698,33.12,-0.06,-0.180831826,33.12,-0.06,-0.180831826,32.12,-1.06,-3.1946956
24/09/2019,33.18,-0.35,-1.043841336,33.55,0.02,0.059648076,33.55,0.02,0.059648076,33.01,-0.52,-1.550849985
23/09/2019,33.53,-0.3,-0.886786876,33.91,0.08,0.2364765,34.4,0.57,1.684895064,33,-0.83,-2.453443689
20/09/2019,33.83,-0.08,-0.235918608,34.24,0.33,0.973164258,34.5,0.59,1.739899735,33.52,-0.39,-1.150103214
19/09/2019,33.91,-0.41,-1.194638695,34.49,0.17,0.495337995,34.49,0.17,0.495337995,33.88,-0.44,-1.282051282
18/09/2019,34.32,-0.41,-1.18053556,34.73,0,0,34.73,0,0,34.06,-0.67,-1.929167866
17/09/2019,34.73,-0.26,-0.743069448,35.05,0.06,0.171477565,35.05,0.06,0.171477565,34.01,-0.98,-2.800800229
13/09/2019,34.99,0.2,0.574877838,34.96,0.17,0.488646163,35.18,0.39,1.121011785,34.75,-0.04,-0.114975568
12/09/2019,34.79,0.2,0.578201792,34.5,-0.09,-0.260190807,34.96,0.37,1.069673316,34.5,-0.09,-0.260190807
11/09/2019,34.59,0.02,0.05785363,34.5,-0.07,-0.202487706,34.89,0.32,0.925658085,34.4,-0.17,-0.491755858
10/09/2019,34.57,-0.26,-0.746482917,34.9,0.07,0.20097617,35.25,0.42,1.20585702,34.2,-0.63,-1.80878553
09/09/2019,34.83,0.28,0.810419682,34.7,0.15,0.434153401,35.18,0.63,1.823444284,34.19,-0.36,-1.041968162
06/09/2019,34.55,0.96,2.85799345,33.68,0.09,0.267936886,34.9,1.31,3.899970229,33.62,0.03,0.089312295
05/09/2019,33.59,0.87,2.658924205,33.03,0.31,0.947432763,34.17,1.45,4.431540342,32.74,0.02,0.061124694
04/09/2019,32.72,-0.21,-0.637716368,32.89,-0.04,-0.121469784,33.48,0.55,1.670209535,32.32,-0.61,-1.852414212
03/09/2019,32.93,-0.64,-1.906464105,33.65,0.08,0.238308013,33.65,0.08,0.238308013,32.81,-0.76,-2.263926125
02/09/2019,33.57,0.07,0.208955224,33.65,0.15,0.447761194,33.7,0.2,0.597014925,33.01,-0.49,-1.462686567
30/08/2019,33.5,0.05,0.149476831,33.68,0.23,0.687593423,34.2,0.75,2.242152466,33.15,-0.3,-0.896860987
29/08/2019,33.45,0.92,2.828158623,32.63,0.1,0.307408546,33.5,0.97,2.981862896,32.63,0.1,0.307408546
28/08/2019,32.53,-0.34,-1.034377852,32.79,-0.08,-0.243383024,33.07,0.2,0.60845756,32.19,-0.68,-2.068755704
27/08/2019,32.87,0.54,1.670275286,32.37,0.04,0.123724095,33.72,1.39,4.299412311,32.37,0.04,0.123724095
26/08/2019,32.33,-0.28,-0.858632321,32.53,-0.08,-0.24532352,33,0.39,1.195952162,32.25,-0.36,-1.103955842
23/08/2019,32.61,-0.17,-0.518608908,32.59,-0.19,-0.579621721,33.11,0.33,1.006711409,32.35,-0.43,-1.311775473
22/08/2019,32.78,-0.28,-0.846944949,33.04,-0.02,-0.060496068,33.15,0.09,0.272232305,32.63,-0.43,-1.300665457
21/08/2019,33.06,0.84,2.60707635,32.37,0.15,0.465549348,33.25,1.03,3.196772191,32.23,0.01,0.031036623
20/08/2019,32.22,-1.04,-3.126879134,33.36,0.1,0.300661455,33.41,0.15,0.450992183,32.11,-1.15,-3.457606735
19/08/2019,33.26,-0.52,-1.53937241,33.88,0.1,0.296033156,34.45,0.67,1.983422143,32.89,-0.89,-2.634695086
16/08/2019,33.78,0.78,2.363636364,33.02,0.02,0.060606061,34,1,3.03030303,32.72,-0.28,-0.848484848
15/08/2019,33,-0.18,-0.542495479,33.25,0.07,0.210970464,33.87,0.69,2.079566004,32.47,-0.71,-2.139843279
14/08/2019,33.18,-1.19,-3.462321792,34.2,-0.17,-0.494617399,34.35,-0.02,-0.058190282,32.7,-1.67,-4.858888566
13/08/2019,34.37,-0.65,-1.856082239,34.9,-0.12,-0.342661336,35.39,0.37,1.056539121,34.02,-1,-2.855511136
12/08/2019,35.02,-0.01,-0.02854696,35.01,-0.02,-0.057093919,35.49,0.46,1.313160148,35,-0.03,-0.085640879
09/08/2019,35.03,-0.46,-1.296139758,35.31,-0.18,-0.507185123,35.4,-0.09,-0.253592561,35,-0.49,-1.380670611
08/08/2019,35.49,-0.35,-0.9765625,35.75,-0.09,-0.251116071,36.3,0.46,1.283482143,35.33,-0.51,-1.422991071
07/08/2019,35.84,0.83,2.370751214,34.88,-0.13,-0.371322479,36.2,1.19,3.399028849,34.88,-0.13,-0.371322479
06/08/2019,35.01,-0.18,-0.511508951,35.22,0.03,0.085251492,35.44,0.25,0.710429099,35,-0.19,-0.539926115
05/08/2019,35.19,-0.33,-0.929054054,35.42,-0.1,-0.281531532,35.43,-0.09,-0.253378378,34.87,-0.65,-1.829954955
02/08/2019,35.52,-0.1,-0.280741157,35.79,0.17,0.477259966,35.79,0.17,0.477259966,34.81,-0.81,-2.274003369
01/08/2019,35.62,-0.43,-1.192787795,36.08,0.03,0.083217753,36.36,0.31,0.859916782,34.8,-1.25,-3.46740638
31/07/2019,36.05,0,0,36,-0.05,-0.138696255,36.27,0.22,0.610263523,35.99,-0.06,-0.166435506
30/07/2019,36.05,-0.02,-0.055447741,35.98,-0.09,-0.249514832,36.16,0.09,0.249514832,35.7,-0.37,-1.025783199
29/07/2019,36.07,0.98,2.792818467,35.1,0.01,0.028498148,36.25,1.16,3.305785124,34.85,-0.24,-0.683955543
26/07/2019,35.09,-0.01,-0.028490028,35.21,0.11,0.313390313,35.5,0.4,1.13960114,34.71,-0.39,-1.111111111
25/07/2019,35.1,-0.51,-1.432181971,35.53,-0.08,-0.224655996,35.53,-0.08,-0.224655996,34.92,-0.69,-1.937657961
24/07/2019,35.61,-0.04,-0.112201964,35.71,0.06,0.168302945,36.26,0.61,1.711079944,35.01,-0.64,-1.795231417
23/07/2019,35.65,0.15,0.422535211,35.42,-0.08,-0.225352113,35.89,0.39,1.098591549,34.17,-1.33,-3.746478873
22/07/2019,35.5,-0.76,-2.095973525,36.35,0.09,0.248207391,36.36,0.1,0.27578599,35.36,-0.9,-2.482073911
19/07/2019,36.26,-1.13,-3.022198449,37.39,0,0,37.48,0.09,0.240706071,35.97,-1.42,-3.7978069
18/07/2019,37.39,-0.21,-0.558510638,37.51,-0.09,-0.239361702,37.97,0.37,0.984042553,36.76,-0.84,-2.234042553
17/07/2019,37.6,-0.24,-0.634249471,38.03,0.19,0.502114165,38.04,0.2,0.528541226,37.5,-0.34,-0.898520085
16/07/2019,37.84,-0.43,-1.123595506,38.26,-0.01,-0.026130128,38.26,-0.01,-0.026130128,37.52,-0.75,-1.959759603
15/07/2019,38.27,0.36,0.949617515,38,0.09,0.237404379,38.56,0.65,1.71458718,37.8,-0.11,-0.290160907
12/07/2019,37.91,-0.12,-0.315540363,37.93,-0.1,-0.262950302,38.45,0.42,1.10439127,37.73,-0.3,-0.788850907
11/07/2019,38.03,0.24,0.635088648,37.7,-0.09,-0.238158243,38.5,0.71,1.878803916,37.7,-0.09,-0.238158243
10/07/2019,37.79,-0.43,-1.125065411,38.32,0.1,0.261643119,38.74,0.52,1.360544218,37.7,-0.52,-1.360544218
09/07/2019,38.22,-0.25,-0.649857031,38.56,0.09,0.233948531,39.53,1.06,2.755393813,38.05,-0.42,-1.091759813
08/07/2019,38.47,-0.04,-0.103869125,38.41,-0.1,-0.259672812,39.1,0.59,1.532069592,38.35,-0.16,-0.4154765
05/07/2019,38.51,0,0,38.56,0.05,0.129836406,38.69,0.18,0.467411062,38.29,-0.22,-0.571280187
04/07/2019,38.51,-0.15,-0.387997931,38.85,0.19,0.491464046,38.85,0.19,0.491464046,38.45,-0.21,-0.543197103
03/07/2019,38.66,0.09,0.233341976,38.59,0.02,0.051853772,38.97,0.4,1.037075447,38.58,0.01,0.025926886
02/07/2019,38.57,-0.06,-0.1553197,38.65,0.02,0.051773233,39.48,0.85,2.200362413,38.5,-0.13,-0.336526016
01/07/2019,38.63,0.24,0.625162803,38.65,0.26,0.677259703,38.98,0.59,1.536858557,38.39,0,0
28/06/2019,38.39,-0.2,-0.518268982,38.76,0.17,0.440528634,38.82,0.23,0.596009329,38.2,-0.39,-1.010624514
27/06/2019,38.59,-0.11,-0.284237726,38.93,0.23,0.594315245,38.99,0.29,0.749354005,38.37,-0.33,-0.852713178
26/06/2019,38.7,0.06,0.155279503,38.51,-0.13,-0.336438923,38.96,0.32,0.82815735,37.99,-0.65,-1.682194617
25/06/2019,38.64,-0.39,-0.99923136,39.03,0,0,39.13,0.1,0.256213169,38.51,-0.52,-1.332308481
24/06/2019,39.03,-0.63,-1.588502269,39.55,-0.11,-0.277357539,39.94,0.28,0.706001009,38.99,-0.67,-1.689359556
21/06/2019,39.66,0.46,1.173469388,39.06,-0.14,-0.357142857,39.89,0.69,1.760204082,38.46,-0.74,-1.887755102
20/06/2019,39.2,0.22,0.564391996,39.1,0.12,0.30785018,39.8,0.82,2.103642894,38.43,-0.55,-1.41097999
19/06/2019,38.98,0.35,0.906031582,38.72,0.09,0.23297955,39.1,0.47,1.216670981,38.45,-0.18,-0.465959099
18/06/2019,38.63,0.14,0.363730839,38.56,0.07,0.18186542,38.95,0.46,1.195115614,38.06,-0.43,-1.117173292
17/06/2019,38.49,0.45,1.1829653,38.04,0,0,38.98,0.94,2.47108307,38.04,0,0
14/06/2019,38.04,-0.24,-0.626959248,38.28,0,0,38.5,0.22,0.574712644,37.8,-0.48,-1.253918495
13/06/2019,38.28,-0.34,-0.880372864,38.52,-0.1,-0.258933195,38.52,-0.1,-0.258933195,37.6,-1.02,-2.641118591
12/06/2019,38.62,0.16,0.416016641,38.6,0.14,0.364014561,39,0.54,1.404056162,38.47,0.01,0.02600104
11/06/2019,38.46,0.28,0.733368256,38.33,0.15,0.392875851,38.69,0.51,1.335777894,38.04,-0.14,-0.366684128
10/06/2019,38.18,0.52,1.380775358,38,0.34,0.902814657,38.78,1.12,2.973977695,37.74,0.08,0.212426978
07/06/2019,37.66,-0.35,-0.920810313,38.15,0.14,0.368324125,38.48,0.47,1.236516706,37.56,-0.45,-1.183898974
06/06/2019,38.01,-0.08,-0.210028879,38.19,0.1,0.262536099,38.19,0.1,0.262536099,37.5,-0.59,-1.548962982
05/06/2019,38.09,0.17,0.448312236,38.05,0.13,0.342827004,38.44,0.52,1.371308017,37.78,-0.14,-0.369198312
04/06/2019,37.92,0.77,2.072678331,37.25,0.1,0.269179004,38.03,0.88,2.368775236,37.23,0.08,0.215343203
03/06/2019,37.15,-0.72,-1.901241088,37.93,0.06,0.158436757,37.99,0.12,0.316873515,36.69,-1.18,-3.115922894
31/05/2019,37.87,-1.41,-3.589613035,38.5,-0.78,-1.985743381,38.5,-0.78,-1.985743381,37.53,-1.75,-4.455193483
30/05/2019,39.28,0.96,2.505219207,38.32,0,0,39.65,1.33,3.470772443,38.11,-0.21,-0.548016701
29/05/2019,38.32,0.12,0.314136126,38.03,-0.17,-0.445026178,38.9,0.7,1.832460733,37.65,-0.55,-1.439790576
28/05/2019,38.2,-0.19,-0.494920552,38.38,-0.01,-0.02604845,39.22,0.83,2.16202136,37.64,-0.75,-1.953633759
27/05/2019,38.39,-0.69,-1.765609007,38.99,-0.09,-0.230296827,38.99,-0.09,-0.230296827,38.22,-0.86,-2.200614125
24/05/2019,39.08,-0.16,-0.407747197,39.34,0.1,0.254841998,39.44,0.2,0.509683996,38.26,-0.98,-2.49745158
23/05/2019,39.24,0.18,0.460829493,38.94,-0.12,-0.307219662,39.3,0.24,0.614439324,38.1,-0.96,-2.457757296
22/05/2019,39.06,-0.28,-0.711743772,39.35,0.01,0.02541942,39.35,0.01,0.02541942,38.5,-0.84,-2.135231317
21/05/2019,39.34,-0.67,-1.674581355,40.03,0.02,0.049987503,40.03,0.02,0.049987503,39.04,-0.97,-2.424393902
20/05/2019,40.01,0.09,0.225450902,39.97,0.05,0.125250501,40.05,0.13,0.325651303,39.9,-0.02,-0.0501002
17/05/2019,39.92,0.07,0.17565872,39.67,-0.18,-0.451693852,40,0.15,0.376411543,39.52,-0.33,-0.828105395
16/05/2019,39.85,0.19,0.479072113,39.8,0.14,0.353000504,40,0.34,0.857286939,39.58,-0.08,-0.201714574
15/05/2019,39.66,-0.28,-0.701051577,39.55,-0.39,-0.976464697,39.91,-0.03,-0.075112669,39.5,-0.44,-1.101652479
14/05/2019,39.94,-0.14,-0.349301397,40.39,0.31,0.773453094,40.8,0.72,1.796407186,39.77,-0.31,-0.773453094
13/05/2019,40.08,0.39,0.982615268,39.6,-0.09,-0.22675737,40.17,0.48,1.209372638,39.51,-0.18,-0.453514739
10/05/2019,39.69,-0.22,-0.551240291,40,0.09,0.225507392,40.49,0.58,1.453269857,39.51,-0.4,-1.002255074
09/05/2019,39.91,0.23,0.579637097,39.44,-0.24,-0.60483871,40.42,0.74,1.864919355,39.35,-0.33,-0.831653226
08/05/2019,39.68,-0.54,-1.342615614,38.71,-1.51,-3.754351069,39.86,-0.36,-0.895077076,38.71,-1.51,-3.754351069
07/05/2019,40.22,-0.16,-0.39623576,40.22,-0.16,-0.39623576,40.68,0.3,0.742942051,40.03,-0.35,-0.866765726
06/05/2019,40.38,-0.54,-1.319648094,40.8,-0.12,-0.293255132,40.94,0.02,0.048875855,40.01,-0.91,-2.223851417
03/05/2019,40.92,0.07,0.171358629,41,0.15,0.367197062,41.2,0.35,0.856793146,40.55,-0.3,-0.734394125
02/05/2019,40.85,0.09,0.220804711,40.67,-0.09,-0.220804711,41.28,0.52,1.27576055,40.5,-0.26,-0.637880275
30/04/2019,40.76,0.65,1.620543505,40.02,-0.09,-0.224382947,41.41,1.3,3.241087011,40.02,-0.09,-0.224382947
29/04/2019,40.11,0.09,0.224887556,40.05,0.03,0.074962519,40.3,0.28,0.699650175,39.5,-0.52,-1.299350325
26/04/2019,40.02,0.21,0.527505652,39.72,-0.09,-0.226073851,40.5,0.69,1.733232856,39.72,-0.09,-0.226073851
25/04/2019,39.81,0.43,1.091924835,39.47,0.09,0.228542407,40.09,0.71,1.802945658,38.77,-0.61,-1.54900965
24/04/2019,39.38,-0.73,-1.819995014,39.9,-0.21,-0.523560209,40.5,0.39,0.972326103,38.51,-1.6,-3.989030167
23/04/2019,40.11,-0.12,-0.298284862,40.34,0.11,0.27342779,40.47,0.24,0.596569724,39.91,-0.32,-0.795426299
22/04/2019,40.23,-0.19,-0.470064325,40.42,0,0,40.5,0.08,0.197921821,39.9,-0.52,-1.286491836
17/04/2019,40.42,0.04,0.09905894,40.44,0.06,0.14858841,40.5,0.12,0.29717682,39.85,-0.53,-1.312530956
16/04/2019,40.38,0.54,1.355421687,39.74,-0.1,-0.251004016,40.49,0.65,1.631526104,39.54,-0.3,-0.753012048
15/04/2019,39.84,-0.14,-0.350175088,39.88,-0.1,-0.250125063,40.05,0.07,0.175087544,39.17,-0.81,-2.026013007
12/04/2019,39.98,0.25,0.62924742,40,0.27,0.679587214,40.49,0.76,1.912912157,39.1,-0.63,-1.585703499
11/04/2019,39.73,0.42,1.068430425,39.21,-0.1,-0.254388196,39.9,0.59,1.500890359,38.8,-0.51,-1.297379802
10/04/2019,39.31,-0.03,-0.076258261,39.34,0,0,39.9,0.56,1.423487544,39.16,-0.18,-0.457549568
09/04/2019,39.34,-0.33,-0.831862869,39.57,-0.1,-0.252079657,40.65,0.98,2.47038064,39.05,-0.62,-1.562893874
08/04/2019,39.67,0.1,0.252716705,39.5,-0.07,-0.176901693,39.75,0.18,0.454890068,39.02,-0.55,-1.389941875
05/04/2019,39.57,1.11,2.886115445,38.41,-0.05,-0.1300052,39.72,1.26,3.276131045,38.35,-0.11,-0.28601144
04/04/2019,38.46,-0.12,-0.311041991,38.79,0.21,0.544323484,39,0.42,1.088646967,38.4,-0.18,-0.466562986
03/04/2019,38.58,0.28,0.731070496,38.4,0.1,0.261096606,38.99,0.69,1.80156658,38.21,-0.09,-0.234986945
02/04/2019,38.3,-0.09,-0.234436051,38.26,-0.13,-0.338629852,38.79,0.4,1.041938005,38.16,-0.23,-0.599114353
01/04/2019,38.39,-0.17,-0.440871369,38.65,0.09,0.23340249,39,0.44,1.141078838,38.11,-0.45,-1.167012448
29/03/2019,38.56,0.1,0.2600104,38.5,0.04,0.10400416,38.86,0.4,1.040041602,38.11,-0.35,-0.910036401
28/03/2019,38.46,0.38,0.99789916,38.28,0.2,0.525210084,38.5,0.42,1.102941176,37.07,-1.01,-2.652310924
27/03/2019,38.08,-0.13,-0.340225072,38.04,-0.17,-0.44490971,38.5,0.29,0.758963622,37.79,-0.42,-1.099188694
26/03/2019,38.21,-0.43,-1.112836439,38.54,-0.1,-0.258799172,38.86,0.22,0.569358178,38.02,-0.62,-1.604554865
25/03/2019,38.64,1.16,3.094983991,37.54,0.06,0.160085379,38.9,1.42,3.7886873,37.45,-0.03,-0.080042689
22/03/2019,37.48,-0.92,-2.395833333,38.16,-0.24,-0.625,38.54,0.14,0.364583333,36.96,-1.44,-3.75
21/03/2019,38.4,0.67,1.775775245,37.5,-0.23,-0.609594487,38.6,0.87,2.305857408,37.41,-0.32,-0.84813146
20/03/2019,37.73,0.68,1.835357625,37.14,0.09,0.24291498,37.96,0.91,2.456140351,36.91,-0.14,-0.377867746
19/03/2019,37.05,0.24,0.65199674,36.9,0.09,0.244498778,37.3,0.49,1.331160011,36.85,0.04,0.108666123
15/03/2019,36.81,0.48,1.32122213,36.15,-0.18,-0.495458299,36.99,0.66,1.816680429,36.06,-0.27,-0.743187448
14/03/2019,36.33,-0.04,-0.109980753,36.32,-0.05,-0.137475942,36.48,0.11,0.302447072,35.93,-0.44,-1.209788287
13/03/2019,36.37,0.67,1.8767507,35.96,0.26,0.728291317,36.67,0.97,2.717086835,35.21,-0.49,-1.37254902
12/03/2019,35.7,0.92,2.64519839,35,0.22,0.632547441,36.2,1.42,4.08280621,35,0.22,0.632547441
11/03/2019,34.78,-1.18,-3.281423804,36.29,0.33,0.917686318,36.69,0.73,2.03003337,34.12,-1.84,-5.11679644
08/03/2019,35.96,-1.78,-4.716481187,37.64,-0.1,-0.264970853,37.64,-0.1,-0.264970853,35.55,-2.19,-5.802861685
07/03/2019,37.74,0.38,1.017130621,37.5,0.14,0.374732334,37.9,0.54,1.445396146,37.12,-0.24,-0.642398287
06/03/2019,37.36,-0.01,-0.026759433,37.49,0.12,0.321113192,37.88,0.51,1.364731068,36.96,-0.41,-1.097136741
05/03/2019,37.37,-0.01,-0.026752274,37.28,-0.1,-0.267522739,37.48,0.1,0.267522739,36.87,-0.51,-1.364365971
04/03/2019,37.38,0.09,0.241351569,37.19,-0.1,-0.26816841,37.52,0.23,0.616787342,37.01,-0.28,-0.750871547
01/03/2019,37.29,0.07,0.18807093,37.37,0.15,0.403009135,37.97,0.75,2.015045674,37,-0.22,-0.591080064
28/02/2019,37.22,0.23,0.621789673,36.88,-0.11,-0.29737767,37.41,0.42,1.135442011,36.71,-0.28,-0.756961341
27/02/2019,36.99,0.15,0.407166124,37.03,0.19,0.515743757,37.57,0.73,1.981541802,36.81,-0.03,-0.081433225
26/02/2019,36.84,-0.17,-0.459335315,36.92,-0.09,-0.24317752,37.27,0.26,0.702512834,36.6,-0.41,-1.1078087
25/02/2019,37.01,-0.28,-0.750871547,37.38,0.09,0.241351569,38.19,0.9,2.413515688,36.9,-0.39,-1.045856798
22/02/2019,37.29,0.07,0.18807093,37.32,0.1,0.268672757,38.49,1.27,3.412144009,37.13,-0.09,-0.241805481
21/02/2019,37.22,-0.14,-0.374732334,37.46,0.1,0.267665953,37.46,0.1,0.267665953,36.76,-0.6,-1.605995717
20/02/2019,37.36,0.46,1.246612466,37.04,0.14,0.379403794,37.85,0.95,2.574525745,37.04,0.14,0.379403794
19/02/2019,36.9,-0.43,-1.151888561,37.48,0.15,0.401821591,37.8,0.47,1.259040986,36.65,-0.68,-1.821591214
18/02/2019,37.33,0.49,1.330076004,36.94,0.1,0.271444083,37.52,0.68,1.845819761,36.65,-0.19,-0.515743757
15/02/2019,36.84,-0.43,-1.153742957,37.36,0.09,0.241481084,37.46,0.19,0.5097934,36.67,-0.6,-1.609873893
14/02/2019,37.27,0.35,0.947995666,37.01,0.09,0.243770314,37.95,1.03,2.789815818,37,0.08,0.216684724
13/02/2019,36.92,-2.16,-5.527123849,39.18,0.1,0.255885363,39.99,0.91,2.328556807,36.53,-2.55,-6.525076766
12/02/2019,39.08,0.02,0.051203277,39.15,0.09,0.230414747,40,0.94,2.406554019,38.91,-0.15,-0.384024578
11/02/2019,39.06,0.1,0.256673511,39.09,0.13,0.333675565,39.58,0.62,1.59137577,38.81,-0.15,-0.385010267
08/02/2019,38.96,-0.9,-2.257902659,39.76,-0.1,-0.250878073,39.94,0.08,0.200702459,38.9,-0.96,-2.408429503
07/02/2019,39.86,0.75,1.917668116,39.03,-0.08,-0.204551266,40.39,1.28,3.272820251,39.03,-0.08,-0.204551266
06/02/2019,39.11,-0.84,-2.102628285,40.09,0.14,0.350438048,40.5,0.55,1.376720901,38.94,-1.01,-2.5281602
05/02/2019,39.95,0.41,1.036924633,39.75,0.21,0.531107739,40.99,1.45,3.667172484,39.73,0.19,0.48052605
01/02/2019,39.54,-0.34,-0.852557673,39.98,0.1,0.250752257,40,0.12,0.300902708,38.63,-1.25,-3.13440321
31/01/2019,39.88,0.31,0.783421784,39.76,0.19,0.480161739,40.68,1.11,2.805155421,39,-0.57,-1.440485216
30/01/2019,39.57,-0.84,-2.078693393,39.9,-0.51,-1.262063846,40.06,-0.35,-0.866122247,38.82,-1.59,-3.934669636
29/01/2019,40.41,0.51,1.278195489,40.02,0.12,0.30075188,40.5,0.6,1.503759398,39.09,-0.81,-2.030075188
28/01/2019,39.9,0.11,0.27645137,39.89,0.1,0.251319427,40.29,0.5,1.256597135,39,-0.79,-1.985423473
25/01/2019,39.79,-0.42,-1.044516289,40.31,0.1,0.248694355,41.44,1.23,3.058940562,39.4,-0.81,-2.014424273
24/01/2019,40.21,0.13,0.324351297,39.95,-0.13,-0.324351297,40.58,0.5,1.24750499,39.65,-0.43,-1.072854291
23/01/2019,40.08,-0.15,-0.372856078,40.13,-0.1,-0.248570718,40.46,0.23,0.571712652,39.62,-0.61,-1.516281382
22/01/2019,40.23,-0.66,-1.614086574,40.89,0,0,40.9,0.01,0.024455857,39.71,-1.18,-2.885791147
21/01/2019,40.89,-0.07,-0.170898438,41.06,0.1,0.244140625,41.54,0.58,1.416015625,40.66,-0.3,-0.732421875
18/01/2019,40.96,0.44,1.085883514,40.75,0.23,0.567620928,41.47,0.95,2.344521224,40.59,0.07,0.172754195
17/01/2019,40.52,-0.15,-0.368822228,40.66,-0.01,-0.024588149,40.95,0.28,0.688468158,40.3,-0.37,-0.909761495
16/01/2019,40.67,-0.81,-1.952748312,41.38,-0.1,-0.241080039,41.79,0.31,0.74734812,40.53,-0.95,-2.290260366
15/01/2019,41.48,0.85,2.092050209,40.75,0.12,0.295348265,41.5,0.87,2.14127492,40.75,0.12,0.295348265
14/01/2019,40.63,-0.68,-1.646090535,41.37,0.06,0.145243282,41.5,0.19,0.459937061,40.06,-1.25,-3.025901719
11/01/2019,41.31,0.07,0.169738118,41.24,0,0,41.8,0.56,1.357904947,39.04,-2.2,-5.334626576
10/01/2019,41.24,0.54,1.326781327,40.73,0.03,0.073710074,41.5,0.8,1.965601966,39.46,-1.24,-3.046683047
09/01/2019,40.7,0.67,1.673744691,40.29,0.26,0.649512865,41.99,1.96,4.896327754,38.84,-1.19,-2.972770422
08/01/2019,40.03,1.41,3.650958053,39.33,0.71,1.838425686,40.29,1.67,4.32418436,39.33,0.71,1.838425686
07/01/2019,38.62,-0.33,-0.847240051,39.05,0.1,0.256739409,39.7,0.75,1.925545571,37.5,-1.45,-3.722721438
04/01/2019,38.95,1.44,3.838976273,37.78,0.27,0.719808051,39.2,1.69,4.505465209,37.78,0.27,0.719808051
03/01/2019,37.51,-0.8,-2.088227617,38.28,-0.03,-0.078308536,38.28,-0.03,-0.078308536,37.01,-1.3,-3.393369877
02/01/2019,38.31,-0.06,-0.156372166,38.26,-0.11,-0.286682304,38.56,0.19,0.495178525,37.23,-1.14,-2.971071149
31/12/2018,38.37,-0.03,-0.078125,38.49,0.09,0.234375,38.5,0.1,0.260416667,37.82,-0.58,-1.510416667
28/12/2018,38.4,0.98,2.618920363,37.95,0.53,1.41635489,38.5,1.08,2.886157135,37.87,0.45,1.202565473
27/12/2018,37.42,0.02,0.053475936,37.28,-0.12,-0.320855615,37.97,0.57,1.524064171,36.65,-0.75,-2.005347594
26/12/2018,37.4,-0.04,-0.106837607,37.63,0.19,0.507478632,38,0.56,1.495726496,36.57,-0.87,-2.323717949
24/12/2018,37.44,-0.05,-0.133368898,37.39,-0.1,-0.266737797,37.76,0.27,0.720192051,36.51,-0.98,-2.614030408
21/12/2018,37.49,0.65,1.764386536,36.81,-0.03,-0.081433225,38.71,1.87,5.076004343,36.39,-0.45,-1.221498371
20/12/2018,36.84,0.56,1.543550165,36.42,0.14,0.385887541,37,0.72,1.984564498,36.05,-0.23,-0.633958104
19/12/2018,36.28,0.09,0.248687483,36.6,0.41,1.132909644,36.99,0.8,2.210555402,35.51,-0.68,-1.878972092
18/12/2018,36.19,0.24,0.66759388,36.13,0.18,0.50069541,36.56,0.61,1.696801113,35.74,-0.21,-0.584144645
17/12/2018,35.95,-0.82,-2.230078869,36.87,0.1,0.271960838,37.31,0.54,1.468588523,35.55,-1.22,-3.317922219
14/12/2018,36.77,-0.15,-0.406283857,37.02,0.1,0.270855905,37.24,0.32,0.866738895,35.67,-1.25,-3.385698808
13/12/2018,36.92,0.29,0.791700792,37.11,0.48,1.31040131,37.24,0.61,1.665301665,36.11,-0.52,-1.41960142
11/12/2018,36.63,-0.3,-0.812347685,37.02,0.09,0.243704305,37.11,0.18,0.487408611,36.19,-0.74,-2.003790956
10/12/2018,36.93,-0.55,-1.467449306,37.58,0.1,0.266808965,37.59,0.11,0.293489861,36.32,-1.16,-3.094983991
07/12/2018,37.48,-0.61,-1.601470202,38.19,0.1,0.262536099,38.42,0.33,0.866369126,37.36,-0.73,-1.916513521
06/12/2018,38.09,0.11,0.289626119,38,0.02,0.052659294,38.34,0.36,0.947867299,36.7,-1.28,-3.370194839
05/12/2018,37.98,1.06,2.871072589,37,0.08,0.216684724,38,1.08,2.92524377,37,0.08,0.216684724
04/12/2018,36.92,-0.98,-2.585751979,37.82,-0.08,-0.211081794,38,0.1,0.263852243,35.7,-2.2,-5.80474934
03/12/2018,37.9,-0.16,-0.42038886,38.07,0.01,0.026274304,39.96,1.9,4.992117709,37.75,-0.31,-0.814503416
30/11/2018,38.06,0.51,1.358189081,37.17,-0.38,-1.011984021,38.59,1.04,2.769640479,36.22,-1.33,-3.541944075
29/11/2018,37.55,1,2.735978112,36.91,0.36,0.98495212,38.59,2.04,5.581395349,36.01,-0.54,-1.477428181
28/11/2018,36.55,1.75,5.028735632,35,0.2,0.574712644,36.74,1.94,5.574712644,33.75,-1.05,-3.017241379
27/11/2018,34.8,0.4,1.162790698,34.6,0.2,0.581395349,35.83,1.43,4.156976744,34.4,0,0
26/11/2018,34.4,-3.29,-8.729105864,34,-3.69,-9.79039533,37.59,-0.1,-0.265322367,32.78,-4.91,-13.0273282
23/11/2018,37.69,-0.35,-0.920084122,38.4,0.36,0.94637224,38.67,0.63,1.65615142,37,-1.04,-2.733964248
22/11/2018,38.04,-0.69,-1.781564679,38.7,-0.03,-0.077459334,38.8,0.07,0.180738446,37,-1.73,-4.466821585
21/11/2018,38.73,0.34,0.885647304,39,0.61,1.588955457,39,0.61,1.588955457,37.73,-0.66,-1.719197708
20/11/2018,38.39,-0.62,-1.589336068,38.67,-0.34,-0.871571392,39.19,0.18,0.461420149,38.01,-1,-2.56344527
16/11/2018,39.01,0.91,2.388451444,38.86,0.76,1.994750656,39.49,1.39,3.648293963,37.54,-0.56,-1.469816273
15/11/2018,38.1,-0.65,-1.677419355,39.22,0.47,1.212903226,39.99,1.24,3.2,37.56,-1.19,-3.070967742
14/11/2018,38.75,-0.76,-1.923563655,39.93,0.42,1.06302202,40.5,0.99,2.505694761,38.35,-1.16,-2.935965578
13/11/2018,39.51,-0.16,-0.403327451,39.7,0.03,0.075623897,41.31,1.64,4.134106378,38.8,-0.87,-2.193093017
12/11/2018,39.67,-1.74,-4.201883603,41.31,-0.1,-0.241487563,41.31,-0.1,-0.241487563,39.1,-2.31,-5.578362714
09/11/2018,41.41,2.34,5.989250064,39.35,0.28,0.716662401,41.6,2.53,6.475556693,37.5,-1.57,-4.018428462
08/11/2018,39.07,-2.93,-6.976190476,41.85,-0.15,-0.357142857,41.85,-0.15,-0.357142857,38.68,-3.32,-7.904761905
07/11/2018,42,0.09,0.214745884,41.81,-0.1,-0.238606538,42.5,0.59,1.407778573,40.45,-1.46,-3.483655452
06/11/2018,41.91,-0.51,-1.202263083,42.52,0.1,0.23573786,43.5,1.08,2.545968883,41.21,-1.21,-2.8524281
05/11/2018,42.42,0.43,1.024053346,42.05,0.06,0.142891165,43.02,1.03,2.452964992,41.9,-0.09,-0.214336747
01/11/2018,41.99,2.06,5.1590283,39.67,-0.26,-0.651139494,43,3.07,7.688454796,39.67,-0.26,-0.651139494
31/10/2018,39.93,0,0,39.93,0,0,40.03,0.1,0.250438267,39.39,-0.54,-1.352366642
30/10/2018,39.93,-2.24,-5.311833057,42.16,-0.01,-0.02371354,42.16,-0.01,-0.02371354,39.1,-3.07,-7.280056912
29/10/2018,42.17,-3.08,-6.806629834,45.15,-0.1,-0.220994475,45.35,0.1,0.220994475,41.37,-3.88,-8.574585635
26/10/2018,45.25,-0.47,-1.0279965,45.6,-0.12,-0.262467192,45.6,-0.12,-0.262467192,45.08,-0.64,-1.399825022
25/10/2018,45.72,-0.04,-0.087412587,45.83,0.07,0.152972028,46,0.24,0.524475524,45.5,-0.26,-0.568181818
24/10/2018,45.76,-0.35,-0.759054435,46.17,0.06,0.130123617,46.53,0.42,0.910865322,45.5,-0.61,-1.322923444
23/10/2018,46.11,-0.85,-1.810051107,46.57,-0.39,-0.830494037,47.2,0.24,0.511073254,45.69,-1.27,-2.704429302
22/10/2018,46.96,-0.05,-0.106360349,47,-0.01,-0.02127207,47.1,0.09,0.191448628,46.48,-0.53,-1.127419698
19/10/2018,47.01,0.8,1.731227007,46.99,0.78,1.687946332,47.18,0.97,2.099112746,46.36,0.15,0.324605064
18/10/2018,46.21,-0.54,-1.155080214,46.37,-0.38,-0.812834225,46.6,-0.15,-0.320855615,45.3,-1.45,-3.101604278
17/10/2018,46.75,0.46,0.993735148,46.19,-0.1,-0.21602938,47.21,0.92,1.987470296,46.18,-0.11,-0.237632318
16/10/2018,46.29,-0.69,-1.468710089,47.04,0.06,0.127713921,47.2,0.22,0.468284376,45.55,-1.43,-3.043848446
15/10/2018,46.98,0.79,1.710326911,46.29,0.1,0.216497077,47.3,1.11,2.403117558,46.29,0.1,0.216497077
12/10/2018,46.19,-0.71,-1.513859275,46.98,0.08,0.170575693,47,0.1,0.213219616,45.5,-1.4,-2.985074627
11/10/2018,46.9,0.28,0.600600601,46.7,0.08,0.171600172,47,0.38,0.815100815,46.09,-0.53,-1.136851137
10/10/2018,46.62,0.07,0.15037594,46.45,-0.1,-0.214822771,47.09,0.54,1.160042965,45.6,-0.95,-2.040816327
09/10/2018,46.55,0.73,1.593190746,45.69,-0.13,-0.2837189,46.7,0.88,1.920558708,45.25,-0.57,-1.243998254
08/10/2018,45.82,0.09,0.196807347,45.63,-0.1,-0.218674831,45.99,0.26,0.568554559,45.33,-0.4,-0.874699322
05/10/2018,45.73,0.05,0.109457093,45.57,-0.11,-0.240805604,45.87,0.19,0.415936953,45.5,-0.18,-0.394045534
04/10/2018,45.68,-0.8,-1.721170396,46.37,-0.11,-0.236660929,46.88,0.4,0.860585198,45.22,-1.26,-2.710843373
03/10/2018,46.48,-0.27,-0.577540107,46.9,0.15,0.320855615,46.9,0.15,0.320855615,46.01,-0.74,-1.582887701
02/10/2018,46.75,-0.28,-0.595364661,46.93,-0.1,-0.212630236,47,-0.03,-0.063789071,45.82,-1.21,-2.572825856
01/10/2018,47.03,0.85,1.840623647,46.28,0.1,0.216543958,47.28,1.1,2.381983543,46.21,0.03,0.064963188
28/09/2018,46.18,0.56,1.227531784,45.5,-0.12,-0.263042525,46.68,1.06,2.323542306,45.41,-0.21,-0.460324419
27/09/2018,45.62,-0.6,-1.298139334,46.25,0.03,0.064906967,46.7,0.48,1.038511467,45.5,-0.72,-1.5577672
26/09/2018,46.22,0.01,0.021640338,46.2,-0.01,-0.021640338,46.55,0.34,0.735771478,45.75,-0.46,-0.995455529
25/09/2018,46.21,1.09,2.415780142,45.06,-0.06,-0.132978723,46.39,1.27,2.814716312,45.06,-0.06,-0.132978723
24/09/2018,45.12,-0.33,-0.726072607,45.53,0.08,0.176017602,45.86,0.41,0.902090209,44.24,-1.21,-2.662266227
21/09/2018,45.45,-0.67,-1.452732003,46.12,0,0,46.6,0.48,1.040763226,44.01,-2.11,-4.575021683
20/09/2018,46.12,0.14,0.304480209,46.03,0.05,0.108742932,46.36,0.38,0.826446281,46,0.02,0.043497173
19/09/2018,45.98,-0.02,-0.043478261,45.99,-0.01,-0.02173913,46.7,0.7,1.52173913,45.64,-0.36,-0.782608696
18/09/2018,46,0.17,0.370936068,45.92,0.09,0.196377918,46.75,0.92,2.007418721,45.74,-0.09,-0.196377918
17/09/2018,45.83,-0.39,-0.843790567,46.32,0.1,0.216356556,46.49,0.27,0.5841627,45.63,-0.59,-1.276503678
14/09/2018,46.22,0.1,0.216825672,45.81,-0.31,-0.672159584,46.39,0.27,0.585429315,45.75,-0.37,-0.802254987
13/09/2018,46.12,0.27,0.588876772,45.99,0.14,0.305343511,46.5,0.65,1.417666303,45.94,0.09,0.196292257
12/09/2018,45.85,0.84,1.866251944,45.15,0.14,0.311041991,45.98,0.97,2.15507665,45.01,0,0
11/09/2018,45.01,0.12,0.267320116,44.75,-0.14,-0.311873468,45.18,0.29,0.646023613,44.72,-0.17,-0.378703497
10/09/2018,44.89,0.42,0.944456937,44.37,-0.1,-0.224870699,45.1,0.63,1.416685406,44.36,-0.11,-0.247357769
07/09/2018,44.47,0.06,0.135104706,44.26,-0.15,-0.337761765,44.7,0.29,0.65300608,43.51,-0.9,-2.026570592
06/09/2018,44.41,0.43,0.977717144,44.02,0.04,0.090950432,44.98,1,2.2737608,44.01,0.03,0.068212824
05/09/2018,43.98,-0.05,-0.113558937,44.01,-0.02,-0.045423575,44.37,0.34,0.772200772,43.9,-0.13,-0.295253236
04/09/2018,44.03,-0.29,-0.65433213,44.27,-0.05,-0.112815884,45.02,0.7,1.579422383,44.01,-0.31,-0.699458484
03/09/2018,44.32,-0.18,-0.404494382,44.39,-0.11,-0.247191011,44.82,0.32,0.719101124,44.24,-0.26,-0.584269663
31/08/2018,44.5,-0.07,-0.157056316,44.45,-0.12,-0.269239399,44.81,0.24,0.538478797,44.04,-0.53,-1.189140678
30/08/2018,44.57,-0.69,-1.524524967,45.17,-0.09,-0.198851083,45.17,-0.09,-0.198851083,44.14,-1.12,-2.474591251
29/08/2018,45.26,0.64,1.434334379,44.58,-0.04,-0.089645899,45.44,0.82,1.837740923,44.25,-0.37,-0.829224563
28/08/2018,44.62,-0.71,-1.566291639,45.43,0.1,0.220604456,45.59,0.26,0.573571586,44.55,-0.78,-1.720714758
27/08/2018,45.33,0.76,1.705182858,44.67,0.1,0.224366166,45.65,1.08,2.423154588,44.67,0.1,0.224366166
24/08/2018,44.57,-0.59,-1.306465899,45.23,0.07,0.155004429,45.65,0.49,1.085031001,44.3,-0.86,-1.904340124
23/08/2018,45.16,-0.03,-0.066386369,45.24,0.05,0.110643948,45.69,0.5,1.106439478,44.87,-0.32,-0.708121266
22/08/2018,45.19,0.18,0.399911131,45.01,0,0,45.62,0.61,1.355254388,44.91,-0.1,-0.22217285
21/08/2018,45.01,0.7,1.579778831,44.41,0.1,0.22568269,45.42,1.11,2.505077861,44.35,0.04,0.090273076
20/08/2018,44.31,-0.76,-1.686265809,45.02,-0.05,-0.11093854,45.12,0.05,0.11093854,44.05,-1.02,-2.263146217
17/08/2018,45.07,0.84,1.899163464,44.22,-0.01,-0.022609089,46.23,2,4.521817771,43.2,-1.03,-2.328736152
16/08/2018,44.23,-0.86,-1.907296518,45.1,0.01,0.022177866,45.26,0.17,0.37702373,43.59,-1.5,-3.326679973
15/08/2018,45.09,-0.28,-0.617147895,45.42,0.05,0.110204981,45.87,0.5,1.102049813,44.93,-0.44,-0.969803835
14/08/2018,45.37,-0.12,-0.26379424,45.59,0.1,0.219828534,45.84,0.35,0.769399868,44.97,-0.52,-1.143108375
13/08/2018,45.49,0.46,1.021541195,45.03,0,0,45.63,0.6,1.332445037,44.96,-0.07,-0.155451921
10/08/2018,45.03,-0.69,-1.509186352,45.57,-0.15,-0.32808399,45.57,-0.15,-0.32808399,44.6,-1.12,-2.449693788
09/08/2018,45.72,-0.3,-0.651890482,46.11,0.09,0.195567145,46.11,0.09,0.195567145,45.56,-0.46,-0.999565406
08/08/2018,46.02,0.02,0.043478261,45.86,-0.14,-0.304347826,46.14,0.14,0.304347826,45.79,-0.21,-0.456521739
07/08/2018,46,0.69,1.52284264,45.31,0,0,46.37,1.06,2.339439417,45.21,-0.1,-0.220701832
06/08/2018,45.31,0.88,1.980643709,44.33,-0.1,-0.225073149,45.48,1.05,2.363268062,44.04,-0.39,-0.87778528
03/08/2018,44.43,0.51,1.161202186,44.01,0.09,0.204918033,44.71,0.79,1.798724954,43.89,-0.03,-0.068306011
02/08/2018,43.92,-0.21,-0.475866757,44.05,-0.08,-0.181282574,44.28,0.15,0.339904827,43.71,-0.42,-0.951733515
01/08/2018,44.13,0.1,0.227117874,43.88,-0.15,-0.340676811,44.7,0.67,1.521689757,43.88,-0.15,-0.340676811
31/07/2018,44.03,0.26,0.594014165,43.67,-0.1,-0.228466987,44.29,0.52,1.18802833,42.6,-1.17,-2.673063742
30/07/2018,43.77,-0.36,-0.815771584,44.99,0.86,1.948787673,45,0.87,1.971447995,43.61,-0.52,-1.178336732
27/07/2018,44.13,-0.19,-0.428700361,44.3,-0.02,-0.045126354,44.39,0.07,0.157942238,43.75,-0.57,-1.286101083
26/07/2018,44.32,-0.56,-1.247771836,45,0.12,0.267379679,45.12,0.24,0.534759358,44.06,-0.82,-1.827094474
25/07/2018,44.88,0.5,1.126633619,44.42,0.04,0.090130689,45.29,0.91,2.050473186,44.29,-0.09,-0.202794051
24/07/2018,44.38,-0.06,-0.135013501,44.43,-0.01,-0.02250225,44.69,0.25,0.562556256,44,-0.44,-0.99009901
23/07/2018,44.44,-0.56,-1.244444444,44.9,-0.1,-0.222222222,44.9,-0.1,-0.222222222,44.34,-0.66,-1.466666667
20/07/2018,45,-0.13,-0.288056725,44.93,-0.2,-0.443164192,45.38,0.25,0.55395524,44.67,-0.46,-1.019277642
19/07/2018,45.13,0.38,0.849162011,44.52,-0.23,-0.51396648,45.2,0.45,1.005586592,44.52,-0.23,-0.51396648
18/07/2018,44.75,-0.26,-0.577649411,45,-0.01,-0.022217285,45.49,0.48,1.066429682,43.05,-1.96,-4.354587869
17/07/2018,45.01,1.22,2.786024206,43.99,0.2,0.45672528,45.49,1.7,3.882164878,43.4,-0.39,-0.890614296
16/07/2018,43.79,0.28,0.643530223,43.41,-0.1,-0.229832222,43.99,0.48,1.103194668,43.4,-0.11,-0.252815445
13/07/2018,43.51,-0.25,-0.571297989,43.8,0.04,0.091407678,43.98,0.22,0.50274223,43.1,-0.66,-1.508226691
12/07/2018,43.76,0.3,0.690289922,43.54,0.08,0.184077312,43.99,0.53,1.219512195,43.37,-0.09,-0.207086977
11/07/2018,43.46,-0.27,-0.617425109,43.76,0.03,0.06860279,43.82,0.09,0.20580837,43.2,-0.53,-1.211982621
10/07/2018,43.73,0.03,0.068649886,43.62,-0.08,-0.183066362,43.98,0.28,0.640732265,42.86,-0.84,-1.922196796
09/07/2018,43.7,0.94,2.198316183,42.86,0.1,0.233863424,43.99,1.23,2.876520112,42.82,0.06,0.140318054
06/07/2018,42.76,0.72,1.712654615,42.09,0.05,0.118934348,43,0.96,2.283539486,42.09,0.05,0.118934348
05/07/2018,42.04,0.52,1.252408478,41.81,0.29,0.698458574,42.16,0.64,1.541425819,41.27,-0.25,-0.602119461
04/07/2018,41.52,-0.22,-0.527072353,41.99,0.25,0.598945855,41.99,0.25,0.598945855,41.38,-0.36,-0.862482032
03/07/2018,41.74,0.85,2.07874786,40.81,-0.08,-0.195646857,41.99,1.1,2.69014429,40.81,-0.08,-0.195646857
02/07/2018,40.89,-0.45,-1.088534107,41.24,-0.1,-0.241896468,41.24,-0.1,-0.241896468,40.56,-0.78,-1.886792453
29/06/2018,41.34,0.48,1.174743025,40.96,0.1,0.24473813,41.76,0.9,2.202643172,40.6,-0.26,-0.636319139
28/06/2018,40.86,0.94,2.354709419,39.82,-0.1,-0.250501002,40.99,1.07,2.680360721,39.63,-0.29,-0.726452906
27/06/2018,39.92,0.08,0.200803213,39.93,0.09,0.225903614,40.06,0.22,0.552208835,39.51,-0.33,-0.828313253
26/06/2018,39.84,-0.21,-0.524344569,39.96,-0.09,-0.224719101,40.28,0.23,0.574282147,39.49,-0.56,-1.398252185
25/06/2018,40.05,0.26,0.65343051,39.69,-0.1,-0.251319427,40.36,0.57,1.432520734,39.11,-0.68,-1.708972104
22/06/2018,39.79,0.31,0.7852077,39.8,0.32,0.810536981,39.99,0.51,1.291793313,39.2,-0.28,-0.709219858
21/06/2018,39.48,-0.21,-0.529100529,39.67,-0.02,-0.050390527,39.78,0.09,0.22675737,39.12,-0.57,-1.436130008
20/06/2018,39.69,0.72,1.847575058,39.47,0.5,1.283038235,39.94,0.97,2.489094175,38.88,-0.09,-0.230946882
19/06/2018,38.97,-0.7,-1.7645576,39.31,-0.36,-0.907486766,39.79,0.12,0.302495589,38.85,-0.82,-2.067053189
18/06/2018,39.67,0.99,2.559462254,38.78,0.1,0.258531541,39.9,1.22,3.154084798,38.64,-0.04,-0.103412616
15/06/2018,38.68,-1.38,-3.444832751,39.9,-0.16,-0.399400899,40.01,-0.05,-0.124812781,38.21,-1.85,-4.618072891
14/06/2018,40.06,0.17,0.426171973,39.78,-0.11,-0.275758335,40.1,0.21,0.526447731,39.69,-0.2,-0.501378792
13/06/2018,39.89,-0.03,-0.075150301,39.76,-0.16,-0.400801603,40,0.08,0.200400802,39.75,-0.17,-0.425851703
12/06/2018,39.92,0.5,1.268391679,39.42,0,0,40,0.58,1.471334348,38.82,-0.6,-1.522070015
11/06/2018,39.42,-0.17,-0.429401364,39.6,0.01,0.025258904,39.6,0.01,0.025258904,38.5,-1.09,-2.75322051
08/06/2018,39.59,0.44,1.123882503,39.24,0.09,0.229885057,39.87,0.72,1.83908046,39.14,-0.01,-0.025542784
07/06/2018,39.15,0.32,0.824105073,38.73,-0.1,-0.257532835,39.5,0.67,1.725469997,37.52,-1.31,-3.373680144
06/06/2018,38.83,0.21,0.54375971,38.56,-0.06,-0.155359917,39,0.38,0.983946142,38.13,-0.49,-1.268772657
05/06/2018,38.62,-0.16,-0.412583806,38.79,0.01,0.025786488,38.99,0.21,0.541516245,38,-0.78,-2.011346055
04/06/2018,38.78,0.13,0.336351876,38.66,0.01,0.025873221,38.98,0.33,0.8538163,37.9,-0.75,-1.940491591
01/06/2018,38.65,0.85,2.248677249,37.8,0,0,39,1.2,3.174603175,37.8,0,0
31/05/2018,37.8,0.2,0.531914894,37.51,-0.09,-0.239361702,38.08,0.48,1.276595745,36.56,-1.04,-2.765957447
30/05/2018,37.6,0.29,0.777271509,37.23,-0.08,-0.214419727,37.97,0.66,1.768962745,37.23,-0.08,-0.214419727
29/05/2018,37.31,-0.38,-1.008224993,37.7,0.01,0.026532237,37.7,0.01,0.026532237,37.01,-0.68,-1.804192093
28/05/2018,37.69,0.52,1.39897767,37.14,-0.03,-0.08071025,38,0.83,2.232983589,37.14,-0.03,-0.08071025
25/05/2018,37.17,-0.37,-0.985615344,37.41,-0.13,-0.346297283,37.61,0.07,0.186467768,36.46,-1.08,-2.876931273
24/05/2018,37.54,0.15,0.401176785,37.74,0.35,0.936079166,37.83,0.44,1.176785237,37.12,-0.27,-0.722118213
23/05/2018,37.39,-0.92,-2.401461759,38.2,-0.11,-0.287131297,38.2,-0.11,-0.287131297,37.12,-1.19,-3.10623858
22/05/2018,38.31,0.89,2.378407269,37.52,0.1,0.267236772,38.68,1.26,3.367183324,37.52,0.1,0.267236772
21/05/2018,37.42,-0.97,-2.526699661,38.9,0.51,1.328470956,38.9,0.51,1.328470956,37.38,-1.01,-2.630893462
18/05/2018,38.39,0.61,1.614610905,37.76,-0.02,-0.052938062,38.51,0.73,1.93223928,37.2,-0.58,-1.535203812
17/05/2018,37.78,-0.93,-2.402479979,38.6,-0.11,-0.284164299,38.6,-0.11,-0.284164299,37.33,-1.38,-3.564970292
16/05/2018,38.71,0.07,0.18115942,38.73,0.09,0.232919255,39,0.36,0.931677019,38.4,-0.24,-0.621118012
15/05/2018,38.64,-0.06,-0.15503876,38.73,0.03,0.07751938,38.73,0.03,0.07751938,38.4,-0.3,-0.775193798
14/05/2018,38.7,0.63,1.654846336,38,-0.07,-0.183871815,38.94,0.87,2.285263987,37.51,-0.56,-1.470974521
11/05/2018,38.07,-0.35,-0.910983863,38.46,0.04,0.104112441,39,0.58,1.509630401,37.5,-0.92,-2.394586153
10/05/2018,38.42,0.5,1.318565401,37.89,-0.03,-0.079113924,38.9,0.98,2.584388186,37.89,-0.03,-0.079113924
09/05/2018,37.92,-0.55,-1.429685469,38.41,-0.06,-0.155965688,38.59,0.12,0.311931375,37.5,-0.97,-2.521445282
08/05/2018,38.47,-0.84,-2.13686085,39.39,0.08,0.203510557,39.64,0.33,0.839481048,38.34,-0.97,-2.467565505
07/05/2018,39.31,-0.16,-0.405371168,39.42,-0.05,-0.12667849,39.99,0.52,1.317456296,39,-0.47,-1.190777806
04/05/2018,39.47,-0.04,-0.101240192,39.41,-0.1,-0.253100481,39.97,0.46,1.164262212,38.91,-0.6,-1.518602885
03/05/2018,39.51,-0.2,-0.503651473,39.81,0.1,0.251825737,39.9,0.19,0.4784689,38.56,-1.15,-2.895995971
02/05/2018,39.71,-0.18,-0.451240913,40.09,0.2,0.501378792,40.24,0.35,0.877412885,39.47,-0.42,-1.052895463
30/04/2018,39.89,-0.1,-0.250062516,40.11,0.12,0.300075019,40.44,0.45,1.12528132,39.65,-0.34,-0.850212553
27/04/2018,39.99,-0.34,-0.84304488,40.23,-0.1,-0.247954376,40.39,0.06,0.148772626,39.88,-0.45,-1.115794694
26/04/2018,40.33,0.51,1.280763435,39.8,-0.02,-0.050226017,40.5,0.68,1.707684581,39.8,-0.02,-0.050226017
25/04/2018,39.82,-0.87,-2.138117474,40.59,-0.1,-0.245760629,40.59,-0.1,-0.245760629,39.62,-1.07,-2.629638732
24/04/2018,40.69,0.05,0.123031496,40.74,0.1,0.246062992,41.37,0.73,1.796259843,40.01,-0.63,-1.55019685
23/04/2018,40.64,-1.14,-2.728578267,41.68,-0.1,-0.239348971,41.68,-0.1,-0.239348971,40,-1.78,-4.26041168
20/04/2018,41.78,0.25,0.601974476,39.46,-2.07,-4.984348664,41.99,0.46,1.107633036,39.46,-2.07,-4.984348664
19/04/2018,41.53,-0.03,-0.072184793,41.54,-0.02,-0.048123195,41.99,0.43,1.034648701,40.8,-0.76,-1.828681424
18/04/2018,41.56,0.15,0.362231345,41.51,0.1,0.241487563,41.99,0.58,1.400627868,40.93,-0.48,-1.159140304
17/04/2018,41.41,0.66,1.619631902,40.77,0.02,0.049079755,41.79,1.04,2.552147239,40.7,-0.05,-0.122699387
16/04/2018,40.75,0.62,1.544978819,40.23,0.1,0.249190132,40.89,0.76,1.893845004,39.74,-0.39,-0.971841515
13/04/2018,40.13,0.12,0.299925019,40.1,0.09,0.224943764,40.25,0.24,0.599850037,39.6,-0.41,-1.024743814
12/04/2018,40.01,0.61,1.54822335,39.5,0.1,0.253807107,40.3,0.9,2.284263959,39.49,0.09,0.228426396
11/04/2018,39.4,-0.12,-0.303643725,39.62,0.1,0.253036437,40.19,0.67,1.69534413,39,-0.52,-1.315789474
10/04/2018,39.52,-0.31,-0.778307808,39.93,0.1,0.251067035,40.25,0.42,1.054481547,39.34,-0.49,-1.230228471
09/04/2018,39.83,0.06,0.150867488,39.7,-0.07,-0.176012069,40.02,0.25,0.628614534,39.21,-0.56,-1.408096555
06/04/2018,39.77,0.4,1.016002032,39.47,0.1,0.254000508,40.29,0.92,2.336804674,39.3,-0.07,-0.177800356
05/04/2018,39.37,0.17,0.433673469,39.25,0.05,0.12755102,39.65,0.45,1.147959184,39.04,-0.16,-0.408163265
04/04/2018,39.2,0.68,1.765316719,38.43,-0.09,-0.23364486,39.79,1.27,3.296988577,38.42,-0.1,-0.2596054
03/04/2018,38.52,0.1,0.260281104,38.42,0,0,39.4,0.98,2.550754815,38.3,-0.12,-0.312337324
02/04/2018,38.42,-0.49,-1.259316371,38.91,0,0,39.09,0.18,0.462606014,38.1,-0.81,-2.081727062
28/03/2018,38.91,-0.94,-2.358845671,39.76,-0.09,-0.225846926,39.76,-0.09,-0.225846926,38.12,-1.73,-4.341279799
27/03/2018,39.85,0.66,1.684103088,39.2,0.01,0.025516713,40.34,1.15,2.934422046,38.7,-0.49,-1.250318959
26/03/2018,39.19,-0.31,-0.784810127,39.4,-0.1,-0.253164557,39.4,-0.1,-0.253164557,38.31,-1.19,-3.012658228
23/03/2018,39.5,-0.17,-0.428535417,39.5,-0.17,-0.428535417,39.98,0.31,0.781446937,38.63,-1.04,-2.621628435
22/03/2018,39.67,0.27,0.685279188,39.31,-0.09,-0.228426396,39.72,0.32,0.812182741,39.28,-0.12,-0.304568528
21/03/2018,39.4,-0.37,-0.93034951,39.65,-0.12,-0.301734976,39.65,-0.12,-0.301734976,39.28,-0.49,-1.232084486
20/03/2018,39.77,-0.28,-0.699126092,39.95,-0.1,-0.24968789,40.27,0.22,0.549313358,39.61,-0.44,-1.098626717
16/03/2018,40.05,-0.39,-0.964391691,40.44,0,0,40.47,0.03,0.074183976,39.76,-0.68,-1.681503462
15/03/2018,40.44,0.1,0.24789291,40.3,-0.04,-0.099157164,40.47,0.13,0.322260783,40.01,-0.33,-0.818046604
14/03/2018,40.34,-0.16,-0.395061728,40.51,0.01,0.024691358,40.97,0.47,1.160493827,40.15,-0.35,-0.864197531
13/03/2018,40.5,-0.31,-0.759617741,40.79,-0.02,-0.049007596,41.2,0.39,0.955648125,40.35,-0.46,-1.127174712
12/03/2018,40.81,-0.07,-0.171232877,40.89,0.01,0.02446184,41.5,0.62,1.516634051,40.67,-0.21,-0.51369863
09/03/2018,40.88,0.6,1.489572989,40.8,0.52,1.290963257,41.87,1.59,3.947368421,40.26,-0.02,-0.049652433
08/03/2018,40.28,0.15,0.373785198,40.25,0.12,0.299028158,40.99,0.86,2.143035136,39.9,-0.23,-0.573137304
07/03/2018,40.13,-0.12,-0.298136646,40.17,-0.08,-0.198757764,40.61,0.36,0.894409938,39.5,-0.75,-1.863354037
06/03/2018,40.25,-0.64,-1.565174859,40.79,-0.1,-0.244558572,40.99,0.1,0.244558572,39.68,-1.21,-2.959158719
05/03/2018,40.89,0.12,0.294334069,40.87,0.1,0.245278391,41.29,0.52,1.275447633,40.41,-0.36,-0.883002208
02/03/2018,40.77,-0.08,-0.195838433,41,0.15,0.367197062,41,0.15,0.367197062,39.8,-1.05,-2.570379437
01/03/2018,40.85,-0.2,-0.487210719,41.07,0.02,0.048721072,41.7,0.65,1.583434836,40.68,-0.37,-0.901339829
28/02/2018,41.05,-0.77,-1.841224295,42,0.18,0.430416069,42,0.18,0.430416069,40.26,-1.56,-3.730272597
27/02/2018,41.82,0.3,0.722543353,41.62,0.1,0.240847784,41.99,0.47,1.131984586,41,-0.52,-1.252408478
26/02/2018,41.52,0.62,1.515892421,41.11,0.21,0.513447433,41.63,0.73,1.784841076,40.95,0.05,0.122249389
23/02/2018,40.9,-0.19,-0.462399611,41,-0.09,-0.219031394,41.2,0.11,0.267705038,40.47,-0.62,-1.50888294
22/02/2018,41.09,0.35,0.859106529,40.84,0.1,0.245459008,41.12,0.38,0.932744232,40.76,0.02,0.049091802
21/02/2018,40.74,-0.24,-0.585651537,41.08,0.1,0.244021474,41.25,0.27,0.65885798,40,-0.98,-2.391410444
20/02/2018,40.98,0.48,1.185185185,40.69,0.19,0.469135802,41.17,0.67,1.654320988,40.65,0.15,0.37037037
19/02/2018,40.5,-0.31,-0.759617741,40.89,0.08,0.196030385,41.39,0.58,1.421220289,40.38,-0.43,-1.053663318
16/02/2018,40.81,1.03,2.589240825,39.88,0.1,0.251382604,41,1.22,3.066867773,39.5,-0.28,-0.703871292
15/02/2018,39.78,1.04,2.684563758,39,0.26,0.67114094,41.65,2.91,7.511615901,38,-0.74,-1.910170367
14/02/2018,38.74,0.68,1.786652654,38.16,0.1,0.262743037,38.89,0.83,2.18076721,37.8,-0.26,-0.683131897
13/02/2018,38.06,-0.06,-0.157397692,38.22,0.1,0.262329486,38.7,0.58,1.521511018,37.7,-0.42,-1.101783841
12/02/2018,38.12,0.11,0.289397527,38.11,0.1,0.263088661,38.72,0.71,1.867929492,37.86,-0.15,-0.394632991
09/02/2018,38.01,-0.36,-0.938232995,39.49,1.12,2.918947094,39.49,1.12,2.918947094,37.47,-0.9,-2.345582486
08/02/2018,38.37,-1.45,-3.641386238,39.74,-0.08,-0.200904068,39.74,-0.08,-0.200904068,38.22,-1.6,-4.018081366
07/02/2018,39.82,0.49,1.245868294,39.6,0.27,0.686498856,39.99,0.66,1.678108314,38.78,-0.55,-1.398423595
06/02/2018,39.33,-0.57,-1.428571429,39.41,-0.49,-1.228070175,39.59,-0.31,-0.776942356,38.11,-1.79,-4.486215539
02/02/2018,39.9,0.29,0.732138349,39.52,-0.09,-0.22721535,40.17,0.56,1.413784398,39.43,-0.18,-0.454430699
01/02/2018,39.61,0.28,0.711924739,39.43,0.1,0.254258835,39.69,0.36,0.915331808,39.34,0.01,0.025425884
31/01/2018,39.33,-0.41,-1.03170609,39,-0.74,-1.862103674,39.99,0.25,0.629089079,38.91,-0.83,-2.088575742
30/01/2018,39.74,1.68,4.414083027,38.25,0.19,0.499211771,41.03,2.97,7.803468208,38.01,-0.05,-0.131371519
29/01/2018,38.06,-0.16,-0.41862899,38.22,0,0,38.23,0.01,0.026164312,37.19,-1.03,-2.694924123
26/01/2018,38.22,1,2.686727566,37.18,-0.04,-0.107469103,38.3,1.08,2.901665771,37.18,-0.04,-0.107469103
25/01/2018,37.22,-0.42,-1.115834219,37.8,0.16,0.425079702,37.8,0.16,0.425079702,37.18,-0.46,-1.222104145
24/01/2018,37.64,0.66,1.784748513,36.98,0,0,37.77,0.79,2.136289886,36.7,-0.28,-0.757166036
23/01/2018,36.98,0.44,1.204159825,36.64,0.1,0.273672687,37.2,0.66,1.806239737,36.64,0.1,0.273672687
22/01/2018,36.54,-0.54,-1.45631068,37.2,0.12,0.323624595,37.2,0.12,0.323624595,36.4,-0.68,-1.833872708
19/01/2018,37.08,-0.07,-0.188425303,37.3,0.15,0.403768506,37.49,0.34,0.915208614,36.88,-0.27,-0.726783311
18/01/2018,37.15,0.66,1.808714716,36.5,0.01,0.027404768,37.35,0.86,2.356810085,36.16,-0.33,-0.904357358
17/01/2018,36.49,0.06,0.164699424,36.42,-0.01,-0.027449904,36.5,0.07,0.192149327,36.12,-0.31,-0.850947022
16/01/2018,36.43,-0.09,-0.246440307,36.52,0,0,36.69,0.17,0.465498357,35.9,-0.62,-1.69769989
15/01/2018,36.52,0.14,0.384826828,36.39,0.01,0.027487631,36.7,0.32,0.879604178,36.36,-0.02,-0.054975261
12/01/2018,36.38,-0.53,-1.435925224,36.9,-0.01,-0.027092929,37,0.09,0.243836359,36.16,-0.75,-2.031969656
11/01/2018,36.91,0.01,0.027100271,36.96,0.06,0.162601626,37,0.1,0.27100271,36.12,-0.78,-2.113821138
10/01/2018,36.9,-0.43,-1.151888561,37.2,-0.13,-0.348245379,37.2,-0.13,-0.348245379,36.4,-0.93,-2.491293866
09/01/2018,37.33,0.8,2.189980838,36.22,-0.31,-0.848617575,37.49,0.96,2.627977005,36.04,-0.49,-1.341363263
08/01/2018,36.53,-0.35,-0.949023861,36.89,0.01,0.027114967,36.98,0.1,0.271149675,35.82,-1.06,-2.874186551
05/01/2018,36.88,0.55,1.513900358,36.33,0,0,37,0.67,1.84420589,36.33,0,0
04/01/2018,36.33,-0.11,-0.301866081,37,0.56,1.536772777,37,0.56,1.536772777,35.5,-0.94,-2.579582876
03/01/2018,36.44,-0.48,-1.300108342,37,0.08,0.216684724,37,0.08,0.216684724,36.2,-0.72,-1.950162514
02/01/2018,36.92,0.92,2.555555556,35.93,-0.07,-0.194444444,37,1,2.777777778,35.5,-0.5,-1.388888889
29/12/2017,36,0.91,2.593331433,35.1,0.01,0.028498148,36.2,1.11,3.163294386,35.1,0.01,0.028498148
28/12/2017,35.09,-0.19,-0.538548753,35.18,-0.1,-0.283446712,35.31,0.03,0.085034014,34.9,-0.38,-1.077097506
27/12/2017,35.28,0.19,0.541464805,35.1,0.01,0.028498148,35.49,0.4,1.139925905,35.1,0.01,0.028498148
26/12/2017,35.09,0.23,0.659781985,34.86,0,0,35.5,0.64,1.835915089,34.8,-0.06,-0.17211704
22/12/2017,34.86,-0.1,-0.28604119,34.98,0.02,0.057208238,35,0.04,0.114416476,34.75,-0.21,-0.600686499
21/12/2017,34.96,0.21,0.604316547,34.76,0.01,0.028776978,35.32,0.57,1.64028777,34.76,0.01,0.028776978
20/12/2017,34.75,-0.33,-0.940706956,35.02,-0.06,-0.171037628,35.43,0.35,0.997719498,34.49,-0.59,-1.681870011
19/12/2017,35.08,-0.43,-1.2109265,35.5,-0.01,-0.028161081,35.8,0.29,0.81667136,34.57,-0.94,-2.64714165
18/12/2017,35.51,-0.07,-0.196739741,35.58,0,0,35.95,0.37,1.039910062,35.16,-0.42,-1.180438449
15/12/2017,35.58,-0.05,-0.140331182,35.72,0.09,0.252596127,36,0.37,1.038450744,35.23,-0.4,-1.122649453
14/12/2017,35.63,0.97,2.798615118,34.76,0.1,0.288517023,35.82,1.16,3.346797461,34.76,0.1,0.288517023
13/12/2017,34.66,-0.27,-0.77297452,34.91,-0.02,-0.057257372,35.7,0.77,2.204408818,34.06,-0.87,-2.490695677
11/12/2017,34.93,-0.06,-0.171477565,35,0.01,0.028579594,35.09,0.1,0.285795942,34.51,-0.48,-1.37182052
08/12/2017,34.99,0.53,1.53801509,34.47,0.01,0.029019153,35,0.54,1.567034243,34.47,0.01,0.029019153
07/12/2017,34.46,0.07,0.203547543,33.81,-0.58,-1.686536784,34.77,0.38,1.104972376,33.81,-0.58,-1.686536784
06/12/2017,34.39,0.01,0.029086678,34.38,0,0,34.89,0.51,1.483420593,34.29,-0.09,-0.261780105
05/12/2017,34.38,0.26,0.762016413,34.15,0.03,0.087924971,34.6,0.48,1.406799531,34.15,0.03,0.087924971
04/12/2017,34.12,-0.46,-1.330248699,34.7,0.12,0.3470214,34.82,0.24,0.694042799,33.95,-0.63,-1.821862348
01/12/2017,34.58,0.25,0.728226041,34.26,-0.07,-0.203903292,34.79,0.46,1.339935916,34.26,-0.07,-0.203903292
30/11/2017,34.33,-0.23,-0.665509259,34.36,-0.2,-0.578703704,34.99,0.43,1.244212963,34,-0.56,-1.62037037
29/11/2017,34.56,-0.29,-0.832137733,34.77,-0.08,-0.229555237,34.95,0.1,0.286944046,34,-0.85,-2.43902439
28/11/2017,34.85,0.28,0.809950824,34.57,0,0,35.04,0.47,1.359560312,33.74,-0.83,-2.400925658
27/11/2017,34.57,0.42,1.229868228,34.42,0.27,0.790629575,35,0.85,2.489019034,34.2,0.05,0.146412884
24/11/2017,34.15,-0.83,-2.372784448,35,0.02,0.057175529,35.1,0.12,0.343053173,33.82,-1.16,-3.316180675
23/11/2017,34.98,0.08,0.229226361,34.95,0.05,0.143266476,35,0.1,0.286532951,34.86,-0.04,-0.114613181
22/11/2017,34.9,0.21,0.605361776,34.77,0.08,0.23061401,34.95,0.26,0.749495532,34.33,-0.36,-1.037763044
21/11/2017,34.69,0.21,0.609048724,34.48,0,0,34.9,0.42,1.218097448,34.46,-0.02,-0.05800464
17/11/2017,34.48,0.41,1.203404755,34.08,0.01,0.029351335,34.49,0.42,1.23275609,34.08,0.01,0.029351335
16/11/2017,34.07,-0.14,-0.409237065,34.22,0.01,0.029231219,34.33,0.12,0.350774627,33.8,-0.41,-1.198479977
15/11/2017,34.21,-0.02,-0.058428279,34.22,-0.01,-0.02921414,34.48,0.25,0.730353491,33.8,-0.43,-1.256208005
14/11/2017,34.23,0.48,1.422222222,33.85,0.1,0.296296296,34.54,0.79,2.340740741,33.85,0.1,0.296296296
13/11/2017,33.75,-0.27,-0.793650794,34.03,0.01,0.029394474,34.06,0.04,0.117577895,33.5,-0.52,-1.52851264
10/11/2017,34.02,-0.14,-0.409836066,34.25,0.09,0.263466042,34.25,0.09,0.263466042,33.83,-0.33,-0.966042155
09/11/2017,34.16,-0.02,-0.058513751,34.12,-0.06,-0.175541252,34.37,0.19,0.555880632,34.05,-0.13,-0.38033938
08/11/2017,34.18,-0.34,-0.984936269,34.53,0.01,0.028968714,34.72,0.2,0.579374276,34.14,-0.38,-1.100811124
07/11/2017,34.52,0,0,34.61,0.09,0.260718424,34.77,0.25,0.724217845,34.39,-0.13,-0.376593279
06/11/2017,34.52,-0.14,-0.403923832,34.75,0.09,0.25966532,34.75,0.09,0.25966532,34.37,-0.29,-0.836699365
03/11/2017,34.66,0.01,0.028860029,34.65,0,0,34.79,0.14,0.404040404,34.58,-0.07,-0.202020202
01/11/2017,34.65,-0.09,-0.259067358,34.74,0,0,34.79,0.05,0.14392631,34.56,-0.18,-0.518134715
31/10/2017,34.74,-0.01,-0.028776978,34.8,0.05,0.143884892,34.83,0.08,0.230215827,34.08,-0.67,-1.928057554
30/10/2017,34.75,0.01,0.028785262,34.84,0.1,0.287852619,35,0.26,0.748416811,34.51,-0.23,-0.662061025
27/10/2017,34.74,-0.58,-1.642129105,35.42,0.1,0.283125708,35.64,0.32,0.906002265,34.52,-0.8,-2.265005663
26/10/2017,35.32,-0.66,-1.834352418,36.07,0.09,0.250138966,36.12,0.14,0.389105058,35.27,-0.71,-1.97331851
25/10/2017,35.98,0.58,1.638418079,35.48,0.08,0.225988701,36.2,0.8,2.259887006,35.21,-0.19,-0.536723164
24/10/2017,35.4,0.03,0.084817642,35.37,0,0,35.49,0.12,0.339270568,35.06,-0.31,-0.876448968
23/10/2017,35.37,0.02,0.056577086,35.27,-0.08,-0.226308345,35.47,0.12,0.339462518,35.27,-0.08,-0.226308345
20/10/2017,35.35,-0.14,-0.394477318,35.5,0.01,0.028176951,35.8,0.31,0.873485489,35.27,-0.22,-0.619892928
19/10/2017,35.49,0.66,1.894918174,35.55,0.72,2.067183463,35.85,1.02,2.928509905,35.34,0.51,1.464254953
18/10/2017,34.83,0.33,0.956521739,34.5,0,0,35.08,0.58,1.68115942,34.5,0,0
17/10/2017,34.5,0.14,0.407450524,34.37,0.01,0.029103609,34.8,0.44,1.280558789,34.14,-0.22,-0.640279395
16/10/2017,34.36,0.21,0.614934114,34.17,0.02,0.058565154,34.7,0.55,1.610541728,34,-0.15,-0.439238653
13/10/2017,34.15,-0.94,-2.678825876,35.09,0,0,35.29,0.2,0.569962952,34.08,-1.01,-2.87831291
12/10/2017,35.09,-0.17,-0.482132728,35.27,0.01,0.028360749,35.95,0.69,1.956891662,34.68,-0.58,-1.644923426
11/10/2017,35.26,-0.63,-1.755363611,35.92,0.03,0.083588743,36.09,0.2,0.557258289,35,-0.89,-2.479799387
10/10/2017,35.89,-0.21,-0.581717452,36.08,-0.02,-0.055401662,36.08,-0.02,-0.055401662,35.29,-0.81,-2.243767313
09/10/2017,36.1,0.76,2.150537634,35.3,-0.04,-0.113186191,36.2,0.86,2.433503113,35.29,-0.05,-0.141482739
06/10/2017,35.34,-0.3,-0.841750842,35.6,-0.04,-0.112233446,35.85,0.21,0.589225589,35.2,-0.44,-1.234567901
05/10/2017,35.64,-0.12,-0.33557047,35.85,0.09,0.251677852,35.86,0.1,0.279642058,35.36,-0.4,-1.118568233
04/10/2017,35.76,-0.09,-0.251046025,36,0.15,0.418410042,36,0.15,0.418410042,35.35,-0.5,-1.394700139
03/10/2017,35.85,-0.53,-1.45684442,35.56,-0.82,-2.253985706,36.2,-0.18,-0.49477735,35.56,-0.82,-2.253985706
02/10/2017,36.38,1.11,3.147150553,35.27,0,0,36.5,1.23,3.487383045,34.76,-0.51,-1.445988092
29/09/2017,35.27,0.4,1.147117866,34.87,0,0,35.4,0.53,1.519931173,34.74,-0.13,-0.372813307
28/09/2017,34.87,-0.2,-0.570287995,35.07,0,0,35.19,0.12,0.342172797,34.58,-0.49,-1.397205589
27/09/2017,35.07,-0.24,-0.679694138,35.31,0,0,35.8,0.49,1.387708864,34.5,-0.81,-2.293967715
26/09/2017,35.31,-0.42,-1.175482788,35.6,-0.13,-0.36383991,35.97,0.24,0.67170445,35.19,-0.54,-1.511335013
25/09/2017,35.73,-0.47,-1.298342541,36.2,0,0,36.4,0.2,0.552486188,35.26,-0.94,-2.596685083
22/09/2017,36.2,0.07,0.19374481,36.23,0.1,0.276778301,36.64,0.51,1.411569333,35.89,-0.24,-0.664267921
21/09/2017,36.13,-0.04,-0.110588886,36.07,-0.1,-0.276472215,36.5,0.33,0.912358308,35.52,-0.65,-1.797069395
20/09/2017,36.17,0.51,1.430173864,35.76,0.1,0.280426248,36.94,1.28,3.589455973,35.5,-0.16,-0.448681997
19/09/2017,35.66,-0.11,-0.307520268,35.77,0,0,36.4,0.63,1.761252446,35.31,-0.46,-1.28599385
18/09/2017,35.77,-0.72,-1.973143327,36.5,0.01,0.027404768,36.5,0.01,0.027404768,35.55,-0.94,-2.576048232
15/09/2017,36.49,-0.01,-0.02739726,36.6,0.1,0.273972603,36.98,0.48,1.315068493,36.2,-0.3,-0.821917808
14/09/2017,36.5,0.01,0.027404768,36.42,-0.07,-0.191833379,36.55,0.06,0.164428611,36,-0.49,-1.342833653
13/09/2017,36.49,0.61,1.700111483,35.8,-0.08,-0.22296544,36.5,0.62,1.727982163,35.79,-0.09,-0.25083612
12/09/2017,35.88,-0.84,-2.287581699,36.71,-0.01,-0.027233115,36.71,-0.01,-0.027233115,35.8,-0.92,-2.505446623
11/09/2017,36.72,0.49,1.352470328,36.48,0.25,0.690035882,37,0.77,2.125310516,35.8,-0.43,-1.186861717
08/09/2017,36.23,-0.2,-0.548998079,36.42,-0.01,-0.027449904,36.42,-0.01,-0.027449904,36.03,-0.4,-1.097996157
07/09/2017,36.43,-0.12,-0.328317373,36.56,0.01,0.027359781,36.62,0.07,0.191518468,36.1,-0.45,-1.23119015
06/09/2017,36.55,-0.04,-0.109319486,36.59,0,0,36.69,0.1,0.273298715,36.3,-0.29,-0.792566275
05/09/2017,36.59,0.1,0.274047684,36.5,0.01,0.027404768,36.95,0.46,1.260619348,36.3,-0.19,-0.5206906
04/09/2017,36.49,0.01,0.027412281,36.58,0.1,0.274122807,36.67,0.19,0.520833333,36.1,-0.38,-1.041666667
01/09/2017,36.48,-0.24,-0.653594771,36.72,0,0,37.13,0.41,1.116557734,36.34,-0.38,-1.034858388
31/08/2017,36.72,-0.23,-0.622462788,36.96,0.01,0.027063599,37.14,0.19,0.51420839,36.4,-0.55,-1.48849797
30/08/2017,36.95,-0.1,-0.269905533,37,-0.05,-0.134952767,37.68,0.63,1.700404858,36.7,-0.35,-0.944669366
29/08/2017,37.05,-0.05,-0.134770889,37.1,0,0,37.5,0.4,1.078167116,36.69,-0.41,-1.105121294
28/08/2017,37.1,0.48,1.310759148,36.62,0,0,37.35,0.73,1.993446204,36.36,-0.26,-0.709994539
25/08/2017,36.62,-0.08,-0.217983651,36.76,0.06,0.163487738,37,0.3,0.817438692,36.3,-0.4,-1.089918256
24/08/2017,36.7,-0.26,-0.703463203,36.99,0.03,0.081168831,36.99,0.03,0.081168831,36.51,-0.45,-1.217532468
23/08/2017,36.96,0.38,1.038819027,36.58,0,0,36.99,0.41,1.120831055,36.33,-0.25,-0.68343357
22/08/2017,36.58,0.34,0.938189845,36.25,0.01,0.027593819,37,0.76,2.097130243,36.2,-0.04,-0.110375276
21/08/2017,36.24,0.12,0.332225914,36.12,0,0,36.38,0.26,0.719822813,35.48,-0.64,-1.771871539
18/08/2017,36.12,0.44,1.233183857,35.65,-0.03,-0.084080717,36.37,0.69,1.933856502,35.31,-0.37,-1.036995516
17/08/2017,35.68,-0.43,-1.190805871,36.07,-0.04,-0.110772639,36.78,0.67,1.855441706,35.55,-0.56,-1.550816948
16/08/2017,36.11,0.16,0.445062587,35.98,0.03,0.083449235,36.87,0.92,2.559109875,35.92,-0.03,-0.083449235
15/08/2017,35.95,0.01,0.027824151,36.01,0.07,0.19476906,36.28,0.34,0.946021146,35.8,-0.14,-0.389538119
14/08/2017,35.94,0.03,0.083542189,36.01,0.1,0.278473963,36.21,0.3,0.835421888,35.82,-0.09,-0.250626566
11/08/2017,35.91,0.01,0.027855153,35.91,0.01,0.027855153,36.1,0.2,0.557103064,35.7,-0.2,-0.557103064
10/08/2017,35.9,-0.08,-0.222345748,35.92,-0.06,-0.166759311,36.12,0.14,0.389105058,35.6,-0.38,-1.056142301
09/08/2017,35.98,-0.33,-0.90884054,36.3,-0.01,-0.027540622,36.31,0,0,35.91,-0.4,-1.101624897
08/08/2017,36.31,-0.08,-0.219840616,36.4,0.01,0.027480077,36.88,0.49,1.34652377,36.12,-0.27,-0.741962077
07/08/2017,36.39,-0.25,-0.68231441,36.73,0.09,0.245633188,37.29,0.65,1.774017467,36.21,-0.43,-1.173580786
04/08/2017,36.64,0.64,1.777777778,36,0,0,36.88,0.88,2.444444444,36,0,0
03/08/2017,36,-0.51,-1.396877568,36.52,0.01,0.027389756,36.9,0.39,1.068200493,35.3,-1.21,-3.314160504
02/08/2017,36.51,-0.62,-1.66980878,37,-0.13,-0.350121196,37.17,0.04,0.107729599,36.01,-1.12,-3.016428764
01/08/2017,37.13,0.19,0.514347591,38.04,1.1,2.977801841,38.04,1.1,2.977801841,36.84,-0.1,-0.270709258
31/07/2017,36.94,0.68,1.875344732,36.5,0.24,0.661886376,37,0.74,2.040816327,36.36,0.1,0.27578599
28/07/2017,36.26,0.79,2.227234282,35.95,0.48,1.353256273,37.25,1.78,5.018325345,35.89,0.42,1.184099239
27/07/2017,35.47,0.58,1.662367441,35,0.11,0.315276584,35.5,0.61,1.748351963,35,0.11,0.315276584
26/07/2017,34.89,0.43,1.247823564,34.4,-0.06,-0.174114916,34.97,0.51,1.479976785,34.37,-0.09,-0.261172374
25/07/2017,34.46,0.11,0.320232897,34.35,0,0,34.5,0.15,0.436681223,34.04,-0.31,-0.902474527
24/07/2017,34.35,0.64,1.898546425,33.69,-0.02,-0.059329576,34.5,0.79,2.343518244,33.5,-0.21,-0.622960546
21/07/2017,33.71,0.99,3.025672372,32.88,0.16,0.488997555,34,1.28,3.91198044,32.72,0,0
20/07/2017,32.72,-0.03,-0.091603053,32.8,0.05,0.152671756,32.88,0.13,0.396946565,32.34,-0.41,-1.251908397
19/07/2017,32.75,-0.05,-0.152439024,32.85,0.05,0.152439024,32.87,0.07,0.213414634,32.6,-0.2,-0.609756098
18/07/2017,32.8,0.31,0.954139735,32.5,0.01,0.030778701,32.95,0.46,1.415820252,32.31,-0.18,-0.55401662
17/07/2017,32.49,0.43,1.341235184,32.07,0.01,0.031191516,32.9,0.84,2.620087336,31.75,-0.31,-0.966936993
14/07/2017,32.06,-0.46,-1.414514145,32.52,0,0,32.53,0.01,0.030750308,31.75,-0.77,-2.367773678
13/07/2017,32.52,-0.2,-0.611246944,32.64,-0.08,-0.244498778,32.85,0.13,0.397310513,32.41,-0.31,-0.947432763
12/07/2017,32.72,0.38,1.175015461,32.43,0.09,0.278293135,32.9,0.56,1.731601732,32.3,-0.04,-0.123685838
11/07/2017,32.34,0.11,0.341296928,32,-0.23,-0.71362085,32.42,0.19,0.589512876,31.85,-0.38,-1.179025752
10/07/2017,32.23,0.3,0.939555277,32.45,0.52,1.62856248,32.45,0.52,1.62856248,31.77,-0.16,-0.501096148
07/07/2017,31.93,-0.06,-0.187558612,31.8,-0.19,-0.593935605,32.35,0.36,1.125351672,31.74,-0.25,-0.781494217
06/07/2017,31.99,0,0,32,0.01,0.031259769,32.12,0.13,0.406376993,31.82,-0.17,-0.531416068
05/07/2017,31.99,0.09,0.282131661,31.85,-0.05,-0.156739812,32.09,0.19,0.595611285,31.85,-0.05,-0.156739812
04/07/2017,31.9,0.12,0.377595972,31.76,-0.02,-0.062932662,32.14,0.36,1.132787917,31.76,-0.02,-0.062932662
03/07/2017,31.78,-0.2,-0.625390869,32,0.02,0.062539087,32.15,0.17,0.531582239,31.71,-0.27,-0.844277674
30/06/2017,31.98,0.33,1.042654028,31.74,0.09,0.28436019,32,0.35,1.105845182,31.71,0.06,0.18957346
29/06/2017,31.65,-0.17,-0.534255185,31.95,0.13,0.408548083,31.95,0.13,0.408548083,31.35,-0.47,-1.477058454
28/06/2017,31.82,-0.22,-0.686641698,32,-0.04,-0.124843945,32,-0.04,-0.124843945,31.35,-0.69,-2.153558052
27/06/2017,32.04,0.16,0.501882058,31.94,0.06,0.188205772,32.12,0.24,0.752823087,31.48,-0.4,-1.254705144
26/06/2017,31.88,0.32,1.013941698,31.6,0.04,0.126742712,32,0.44,1.394169835,31.6,0.04,0.126742712
23/06/2017,31.56,0.29,0.92740646,31.33,0.06,0.191877199,31.64,0.37,1.183242725,31.32,0.05,0.159897665
22/06/2017,31.27,0.12,0.385232745,31.25,0.1,0.321027287,31.4,0.25,0.802568218,31.1,-0.05,-0.160513644
21/06/2017,31.15,0,0,30.9,-0.25,-0.802568218,31.32,0.17,0.545746388,30.9,-0.25,-0.802568218
20/06/2017,31.15,0.19,0.61369509,31,0.04,0.129198966,31.3,0.34,1.098191214,30.41,-0.55,-1.776485788
19/06/2017,30.96,0.27,0.879765396,30.69,0,0,31,0.31,1.01010101,30.2,-0.49,-1.596611274
16/06/2017,30.69,0.21,0.688976378,30.5,0.02,0.065616798,30.7,0.22,0.721784777,30.5,0.02,0.065616798
15/06/2017,30.48,-0.01,-0.032797639,30.5,0.01,0.032797639,30.6,0.11,0.360774024,30.22,-0.27,-0.885536241
14/06/2017,30.49,0.09,0.296052632,30.4,0,0,30.6,0.2,0.657894737,30.4,0,0
13/06/2017,30.4,-0.1,-0.327868852,30.7,0.2,0.655737705,30.7,0.2,0.655737705,30.1,-0.4,-1.31147541
12/06/2017,30.5,0.24,0.793126239,30.26,0,0,30.61,0.35,1.156642432,30.2,-0.06,-0.19828156
09/06/2017,30.26,0.12,0.398142004,30.3,0.16,0.530856005,30.38,0.24,0.796284008,30.07,-0.07,-0.232249502
08/06/2017,30.14,0.64,2.169491525,29.5,0,0,30.7,1.2,4.06779661,29.75,0.25,0.847457627
07/06/2017,29.5,,,,,,,,,,,
,,,,,,,,,,,,
,,,,,,,,,,,,
,,,,,,,,,,,,
,,,,,,,,,,,,
,,,,,,,,,,,,
,,,,,,,,,,,,
,,,,,,,,,,,,
,,,,,,,,,,,,
,,,,,,,,,,,,
,,,,,,,,,,,,
,,,,,,,,,,,,
,,,,,,,,,,,,
,,,,,,,,,,,,
,,,,,,,,,,,,
,,,,,,,,,,,,
,,,,,,,,,,,,
,,,,,,,,,,,,
,,,,,,,,,,,,
,,,,,,,,,,,,
,,,,,,,,,,,,
