Date,Open,High,Low,Close
1/2/14,42725.53125,42841.96094,42115.35938,42188.44922
1/3/14,42191.10938,42274.60938,41842.96094,42064.96875
1/6/14,42093.55859,42143.16016,41522.48828,41525.94922
1/7/14,41532.87891,41883.37109,41522.17188,41778.60156
1/8/14,41783.80078,41915.35938,41389.39844,41515.48828
1/9/14,41554.32813,41585.62109,41220.66016,41585.53906
1/10/14,41586.85156,42526.12891,41585.55078,42458.51172
1/13/14,42455.96875,42463.42188,42046.23828,42158.62109
1/14/14,42151.46875,42501,42055.87891,42439.78906
1/15/14,42434.87109,42731.76172,42359.64844,42511.25
1/16/14,42508.96875,42608.82031,42167.76953,42172.73047
1/17/14,42172.85938,42246.01953,41721.03906,41911.30859
1/20/14,41911.30859,42111.78125,41909.10938,41976.37109
1/21/14,41976.62891,42277.10156,41602.28125,41838.62891
1/22/14,41849.01953,42062.82031,41699.71875,42062.82031
1/23/14,42058.17188,42082.75,41402.37891,41531.80078
1/24/14,41532.78125,41556.17188,40814.51172,40979.80078
1/27/14,40980.33984,41010.55859,40316.66016,40863.41016
1/28/14,40873.53125,41217.62109,40660.48828,40660.92969
1/29/14,40656.28125,40978.44922,40228.28906,40689.89844
1/30/14,40692.92969,41096.78906,40572.23047,41008.30078
1/31/14,41008.62891,41008.62891,40579.10938,40879.75
2/4/14,40881.12109,40881.12109,40031.64844,40085.51953
2/5/14,40099.39063,40438.26953,39733.30078,39880.87109
2/6/14,39881.51953,40464.39063,39866.35938,40288.78125
2/7/14,40272.30859,40576.73828,40075.39063,40525.73828
2/10/14,40533.85938,40545.07813,40074.67188,40116.35938
2/11/14,40116.62891,40939.64063,40116.62891,40759.62109
2/12/14,40765.35938,40958.64844,40436.82031,40690.05859
2/13/14,40690.05859,40703.78906,40263.16016,40308.96094
2/14/14,40316.89063,40896.5,40199.60938,40710.89063
2/17/14,40710.89063,40803.75,40687.07813,40735.48047
2/18/14,40733.60156,40830.98828,40421.69141,40421.85938
2/19/14,40426.23828,40518.10938,39755.44141,40006.42188
2/20/14,39993.30859,40013.41016,39566.62109,39654.23047
2/21/14,39672.55859,39975.62891,39650,39724.57813
2/24/14,39726.41016,40163.32031,39707.62891,39792.71094
2/25/14,39793.96094,39858.42969,38883.46094,39023.64844
2/26/14,39034.05859,39286.07813,38497.62109,38605.62109
2/27/14,38617.80859,39121.87109,38469.60156,38912.92969
2/28/14,38927.71094,39109.48047,38645.42969,38782.89063
3/3/14,38780.42969,38784.33984,38302.85938,38534.82031
3/4/14,38539.46875,39137.03125,38536.16016,39084.35938
3/5/14,39088.39844,39219.62891,39003.42969,39021.07031
3/6/14,39023.26172,39591.78906,39023.26172,39176.30078
3/7/14,39176.5,39217.33984,38722.67188,38913.03906
3/10/14,38914.39844,38920.32031,38480.25,38671.01172
3/11/14,38671.01172,38982.32031,38566.05078,38689.57031
3/12/14,38689.51172,38777.37891,38535.87109,38634.82813
3/13/14,38634,38715.05078,37850.17969,38037.5
3/14/14,38037.5,38037.5,37751.64063,37950.96875
3/18/14,37950.96875,38863.03906,37950.17969,38814.69141
3/19/14,38804.75,39339.67969,38653.33984,38811.94141
3/20/14,38817.42188,39770.64844,38543.03125,39616.19141
3/21/14,39628.32813,40098.37109,39553.44141,40021.73047
3/24/14,40017.35156,40357,39790.23047,39821.71094
3/25/14,39829.10156,40134.12891,39614.73828,39793.01953
3/26/14,39792.87891,40081.14063,39674.67969,39761.30078
3/27/14,39759.51172,39973.78906,39703.01953,39911.01172
3/28/14,39896.58984,40299.35156,39896.58984,40048.19922
3/31/14,40052.53906,40461.60156,40051.12109,40461.60156
4/1/14,40465.98047,40781.10156,40299.48047,40470.01172
4/2/14,40478.30078,40900.53125,40478.30078,40900.53125
4/3/14,40898.32031,41087.53906,40249.01172,40563.05859
4/4/14,40568.39063,41167.30078,40542.12109,40598.33984
4/7/14,40580.55078,40875.60938,40347.14844,40595.69922
4/8/14,40592.96094,41004.87891,40541.44922,40906.82813
4/9/14,40895.55859,41075.42188,40662.57031,40937.76953
4/10/14,40925.62891,41089.78906,40381.26172,40447.96094
4/11/14,40447.08984,40455.85938,40020.57813,40380.78906
4/14/14,40385.44141,40615.33984,40349.98828,40530.69141
4/15/14,40536.17188,40571.23047,40105.28906,40481.80078
4/16/14,40481.80078,40891.08984,40481.80078,40890.53125
4/21/14,40885.69922,41003.64063,40650.07813,40654.07031
4/22/14,40655.35938,40762.76172,40438.80078,40468.19922
4/23/14,40466.85156,40496.23047,40168.5,40296.98047
4/24/14,40298.62109,40443.80078,40150.39844,40407.92969
4/25/14,40409.51953,40423.96094,39979.53125,40198.39844
4/28/14,40198.16016,40314.19141,40038.67188,40136.57031
4/29/14,40145.30859,40702.76172,40095.53906,40702.67188
4/30/14,40702.80859,40798.42969,40433.66016,40711.55859
5/2/14,40729.03906,41053.92969,40729.03906,40967.94922
5/5/14,40968.96094,41053.92969,40736.89844,41047.87891
5/6/14,41047.32813,41623.69141,40883.39063,41470.82031
5/7/14,41471.35938,41826.46094,41368.67188,41803.12891
5/8/14,41806.12891,42093.91016,41592.19922,41659.91016
5/9/14,41670.57031,41780.64844,41528.76172,41641.10938
5/12/14,41641.76172,42086.73047,41591.98047,42086.17188
5/13/14,42086.05859,42492.60938,41926.62109,42236.82813
5/14/14,42231.78125,42231.78125,42017.98828,42144.51172
5/15/14,42143.96094,42200.10938,41531.60938,41561.82813
5/16/14,41564.30859,42031.48047,41543.85938,41898.83984
5/19/14,41894.71875,41903.01953,41463.08984,41840.05078
5/20/14,41836.48047,42001.67969,41668.82813,41805.10156
5/21/14,41805.10156,42056.89844,41764.89844,41828.98047
5/22/14,41827.60156,42090.28125,41813.14844,41943.96094
5/23/14,41946.94922,42035.69922,41818.41016,41917.92188
5/26/14,41918.57031,42138.32813,41896.14844,42004.57813
5/27/14,42005.28906,42144.25,41836.80078,41958.96875
5/28/14,41958.26953,42022.16016,41862.42969,41960.44922
5/29/14,41960.66016,42095.80078,41884.12109,42009.92188
5/30/14,42011.66016,42026.55859,41360.80859,41362.51172
6/2/14,41375.41016,41953.98828,41375.41016,41936.71094
6/3/14,41938.82813,42135.53125,41807.67969,42126.08984
6/4/14,42127.89844,42127.89844,41855.05078,41953.30078
6/5/14,41956.67969,42276.67969,41949.23047,42173.03125
6/6/14,42173.03125,42840.41016,42164.35156,42778.26172
6/9/14,42780.85156,43175.76953,42729.66016,43009.98828
6/10/14,43009.19141,43049.03906,42821.67969,43045.26953
6/11/14,43044.89063,43079.07031,42759.37891,42944.80859
6/12/14,42946.32031,43016.48047,42551.92969,42617.62109
6/13/14,42602.92188,42874.35938,42485.62891,42485.66016
6/16/14,42523.32813,42641.10938,42321.37109,42596.25
6/17/14,42593.23047,42657.35156,42446.46875,42612.64063
6/18/14,42612.78125,42821.25,42525.57031,42802.60156
6/19/14,42800.64844,43007.71094,42787.10938,42957.35938
6/20/14,42959.82813,43038.57813,42787.64063,42865.71875
6/23/14,42865.71875,42948.64844,42691.35156,42916.73047
6/24/14,42915.03906,43016.76172,42785.62109,42884.76172
6/25/14,42885.66016,42930.01172,42786.37109,42854.19141
6/26/14,42864.85156,42916.53906,42613.39063,42613.80078
6/27/14,42613.25,42933.69922,42481.30078,42493.85938
6/30/14,42508.07813,42795.14844,42487.46875,42737.17188
7/1/14,42744.94922,42944.62109,42602.17969,42872.83984
7/2/14,42870.89844,43279.48047,42817.96094,43279.48047
7/3/14,43286.30859,43721.76953,43228.21875,43660.69922
7/4/14,43660.96094,43669.78906,43485.17969,43518.05859
7/7/14,43517.94922,43705.96094,43433.19922,43452.55078
7/8/14,43451.96875,43495.39063,43147.67188,43403.42969
7/9/14,43394.41016,43821.53125,43353.78906,43686.75
7/10/14,43688.62891,43690.98047,43316.19922,43474.28906
7/11/14,43471.57813,43694.10938,43437.66016,43481.82813
7/14/14,43474.73047,44001.19141,43474.73047,43967.44141
7/15/14,43967.35938,44077.5,43862.83984,43960.42969
7/16/14,43968.46875,44133.23047,43809.01172,44009.23047
7/17/14,44011.69141,44083.91016,43837.25,43920.76172
7/18/14,43920.76172,44312.87109,43822.57813,44278.89844
7/21/14,44275.80078,44275.80078,44023.69141,44125.73047
7/22/14,44123.55859,44512.39063,44123.55859,44257.08984
7/23/14,44258.91016,44371.25,44156.26953,44199.01172
7/24/14,44206.39844,44564.17188,44201.17969,44420.37891
7/25/14,44426.67188,44559.78125,44272.39063,44386.62109
7/28/14,44394.55078,44559.28906,44336.94141,44544.96875
7/29/14,44550.44141,44684.55859,44452.87891,44481.28906
7/30/14,44479.10156,44714.41016,44271.25,44311.05859
7/31/14,44311.87891,44349.80078,43546.01953,43817.69141
8/1/14,43819.42969,44094.82813,43706.82031,43986.10938
8/4/14,43983.78125,44676.10938,43982.94922,44594.66016
8/5/14,44605.60938,44674.94922,44310.12109,44481.67969
8/6/14,44481.53125,44550.28906,44251.32031,44425.76953
8/7/14,44435.33984,44541.12891,44064.19141,44116.14844
8/8/14,44124.08984,44271.07031,43885.42969,44105.94922
8/11/14,44121,44720.41016,44121,44679.16016
8/12/14,44673.10938,44869.23828,44609.53906,44734.03906
8/13/14,44739.23828,44974.96094,44713.46875,44723.96094
8/14/14,44740.64844,44878.69922,44665.96094,44793.01953
8/15/14,44793.82031,44863.82031,44474.46875,44629.32813
8/18/14,44637.26953,44871.23828,44637.26953,44854.80859
8/19/14,44852.78906,45000.62109,44717.87891,44962.87891
8/20/14,44970.26953,45250.05859,44808.10938,45248.05078
8/21/14,45242.30078,45429.53906,45160.39844,45410.35938
8/22/14,45420.48828,45517.14063,45172.44141,45374.98828
8/25/14,45380.51172,45575.26953,45351.46094,45504.33984
8/26/14,45510.07813,45657.57031,45416.12891,45464.75
8/27/14,45469.67969,45619.37891,45417.48828,45601
8/28/14,45596.62109,45598.32031,45348.41016,45501.28125
8/29/14,45485.73047,45762.37109,45397.19141,45628.08984
9/1/14,45630.71875,45664,45317.76953,45438.03906
9/2/14,45438.10938,45830.53906,45409.58984,45825.05859
9/3/14,45819.69141,46065.42188,45819.69141,46049.32813
9/4/14,46049.32813,46331.89844,46042.55078,46313.39844
9/5/14,46322,46406.5,46224.69141,46231.44141
9/8/14,46232.16016,46554.28125,46199.10156,46357.23828
9/9/14,46354.82031,46427.89844,45887.19922,45915.17188
9/10/14,45906.57031,46109.10156,45745.23828,45894.05078
9/11/14,45889.51172,45908.16016,45625.76172,45672.60156
9/12/14,45654.48828,45861.62109,45434.14844,45799.69922
9/15/14,45797.82031,46133.37891,45661.21875,45861.83984
9/17/14,45861.57031,46147.39844,45859.01953,46043.62109
9/18/14,46048.98828,46170.37891,46025.80078,46168.64063
9/19/14,46169.92188,46230.10156,45646.01953,45761.89844
9/22/14,45760.96875,45767.67188,45060.30078,45302
9/23/14,45302.80859,45406.98047,44834.21875,45015.17188
9/24/14,45016.66016,45266.46875,44991.12109,45116.94141
9/25/14,45119.48047,45150.69922,44624.05859,44781.12109
9/26/14,44788.37891,44986.92188,44695.12891,44884.32813
9/29/14,44884.32813,44918.39844,44426.60156,44898.19141
9/30/14,44902.82031,45051.91016,44769.30078,44985.66016
10/1/14,44985.39063,45058.05078,44364.96094,44364.96094
10/2/14,44370.03906,44374.57813,43941.64844,44254.42969
10/3/14,44255.23047,44719.87109,44255.23047,44678.14063
10/6/14,44678.32813,45223,44645.62109,44820.85156
10/7/14,44826.21875,44845.92969,44466.76172,44536.62109
10/8/14,44562.78906,44717.05078,44123.96875,44487.96875
10/9/14,44494.71875,44609.62109,44049.48828,44082.17188
10/10/14,44082.12109,44082.12109,43435.33984,43435.73047
10/13/14,43430.35938,43560.78906,43088.67188,43088.67188
10/14/14,43090.82031,43338.71094,43068.05859,43179.85156
10/15/14,43174.73828,43174.73828,42431.14063,42984.94922
10/16/14,42964.01172,43144.92188,42524.39063,42907.62109
10/17/14,42916.76172,43580.78906,42916.76172,43273.5
10/20/14,43262.48047,43373.5,42995.98047,43213.89844
10/21/14,43212.28125,43725.23828,43117.26953,43630.57813
10/22/14,43631.92188,43806.16016,43434.89063,43450.75
10/23/14,43456.55078,43869.17969,43456.55078,43691.05859
10/24/14,43684.28125,43822.12109,43543.69141,43665.53906
10/27/14,43663.25,43813.46875,43393.05078,43810.51172
10/28/14,43808.80078,44202.19141,43774.76172,44039.64063
10/29/14,44033.73047,44308.05859,43938.26953,44238.94141
10/30/14,44244.85938,44599.26953,44067.96094,44599.26953
10/31/14,44599.05859,45159.48828,44598.67969,45027.51953
11/3/14,45029.46094,45211.73828,44913.96875,45184.76172
11/4/14,45181.71875,45202.01953,44855.28906,44884.42969
11/5/14,44888.73828,45151.82031,44818.57813,45071.98047
11/6/14,45080.76172,45199.14063,44849.57031,44849.85938
11/7/14,44841.78906,44878.28125,44614.44922,44614.66016
11/10/14,44615.26953,44727.55859,44450.58984,44523
11/11/14,44523,44637.07031,44177.32031,44300.82813
11/12/14,44300.53906,44363.73047,43606,43744.57031
11/13/14,43744.69922,43888.26172,43524.62109,43743.80078
11/14/14,43759.67188,43762.12891,43296.64063,43372.01172
11/18/14,43366.08984,43569.32813,43336.10938,43491.44922
11/19/14,43491.44922,44122.17188,43491.44922,44118.12891
11/20/14,44114.89844,44209.92969,43955.78906,44209.42188
11/21/14,44206.23047,44910.03906,44206.23047,44633.28125
11/24/14,44638.66016,44755.73047,44563.14844,44621.07031
11/25/14,44621.48047,44768.37891,44436.85156,44441.01953
11/26/14,44438.05859,44713.42188,44422.82813,44672.19922
11/27/14,44667.62109,44732.05078,44608.62109,44689.21094
11/28/14,44688.96094,44725.64844,44138.28125,44190.46875
12/1/14,44179.21094,44248.10938,43389.83984,43392.07031
12/2/14,43403.89063,43550.23828,42902.46094,43008.07031
12/3/14,43017.46875,43317.89844,42628.16016,43112.28906
12/4/14,43112.55859,43142.21094,42728.05078,42816.14844
12/5/14,42821.25,43293.53125,42799.14063,43230.33984
12/8/14,43253.17969,43399.44141,42746.67188,42941.82813
12/9/14,42940.76172,42940.76172,42137.41016,42339.62891
12/10/14,42339.89063,42379.80078,41295.26953,41372.66016
12/11/14,41372.92188,42025.5,41345.48828,41714.57031
12/15/14,41718.32813,41718.48828,40125.53125,40334.58984
12/16/14,40337.26953,40844.35938,39580.78125,40225.07813
12/17/14,40225.51172,41354.62891,40176.01953,41004.44141
12/18/14,41011.69922,42721.33984,41011.69922,42475.67188
12/19/14,42483.46094,42810.17969,42403.67188,42529.89063
12/22/14,42537.69141,42873.01172,42536.96094,42873.01172
12/23/14,42874.33984,43124.85156,42853.12109,43122.73047
12/24/14,43118.96875,43120.51953,42942.80078,43002.87109
12/26/14,null,null,null,null
12/29/14,43005.67188,43320.12891,43004.05859,43187.64063
12/30/14,43179.57031,43340.55859,42872.17188,43018.75
12/31/14,43015.25,43191.69922,42877.55078,43145.66016
1/2/15,43146.51953,43325.42969,41989.64844,42115.46875
1/5/15,42134.66016,42147.96094,40824.92969,41099.37109
1/6/15,41101.01172,41456.62109,40723.66016,41329.41016
1/7/15,41331.12109,41963.94922,41331.12109,41813.92969
1/8/15,41819.03906,42554.41016,41814.21094,42402.30859
1/9/15,42393.17188,42504.41016,41940.48828,42382.41016
1/12/15,42373.80859,42408.64844,41773.37891,41780.78125
1/13/15,41781.03906,42211.08984,41313.35156,41478.26172
1/14/15,41478.37891,41479.78125,40907.48047,40984.21875
1/15/15,40991.48047,41260.46094,40817.87109,40998.76953
1/16/15,40999.05859,41402.07813,40859.69141,41402.01172
1/19/15,41412.17969,41566.92969,41210.05859,41285.57813
1/20/15,41286.57813,41974,41129.12109,41752.67188
1/21/15,41753.48047,42491.10156,41594.08984,42488.73047
1/22/15,42489.37891,43165.55859,42488.82031,43121.28125
1/23/15,43123.17188,43124.44141,42618.03125,42649.71875
1/26/15,42649.10156,42831.75,42360.73047,42737.85156
1/27/15,42737.85156,42737.85156,42128.23047,42627.82031
1/28/15,42627.82031,42743.46875,42158.07031,42158.07031
1/29/15,42150.80859,42157.17969,41762.42188,41862.32813
1/30/15,41862.62891,41864.21875,40886.85938,40950.57813
2/3/15,40954.62109,41868.37891,40944.80859,41572.23828
2/4/15,41572.23828,42055.25,41553.10938,41710.82031
2/5/15,41709.67969,42469.16016,41708.57813,42453.64063
2/6/15,42447.44922,42880.35156,42447.44922,42715.42969
2/9/15,42705.26172,42876.94922,42474.82813,42810.28906
2/10/15,42811.35938,43159.08984,42635.14844,42635.19141
2/11/15,42630.07031,42630.44922,41901.10938,41933.26172
2/12/15,41925.71875,43046.87891,41897.32031,43045.51172
2/13/15,43032.07813,43250.39063,42954.94141,43072.42188
2/16/15,43074.03125,43141.89063,42886.14844,42959.55859
2/17/15,42959.55859,43264.39063,42613.67969,43251.78906
2/18/15,43246.39844,43484.76953,42823.85156,43053.64844
2/19/15,43043.14844,43310.87109,42865.19922,43231.42188
2/20/15,43223.87891,43569.55078,43080.62109,43551.26172
2/23/15,43536.83984,43680.42188,43446.64844,43675.87109
2/24/15,43672.10156,44033.67188,43629.30859,43921.55078
2/25/15,43915.35938,44008.94141,43635.03906,43802.07031
2/26/15,43798.73047,44417.28906,43723.60156,44416.48828
2/27/15,44408.32813,44439.98828,43983.14063,44190.17188
3/2/15,44179.92969,44279.32813,43560.85156,43882.71094
3/3/15,43875.73828,43906.16016,43519.67969,43600.37109
3/4/15,43598.21094,43605.14063,43130.51953,43296.55078
3/5/15,43284.42969,43783,43155.85156,43517.78906
3/6/15,43510.23828,43517.17188,43129.82031,43280.80859
3/9/15,43280.80859,43350.28906,43003.98828,43251.39844
3/10/15,43246.57031,43246.57031,42674.25,42972.14844
3/11/15,42978.60156,43310.37891,42929.51953,43227.19922
3/12/15,43228.08984,44056.10938,43176.51172,44055.89063
3/13/15,44055.89063,44140.26172,43703.96875,44002.28906
3/17/15,43997.44922,43998.71875,43761.35938,43761.35938
3/18/15,43756.78125,44360.87109,43490.08984,44360.87109
3/19/15,44354.94141,44441.14844,43920.28125,44118.17188
3/20/15,44117.94141,44325.94141,43739.46875,43968.14844
3/23/15,43968.14844,44056.98047,43840.67188,43952.71094
3/24/15,43947.32031,44242.57031,43943.32031,44051.21094
3/25/15,44040.96875,44212.28125,43630.58984,43630.96094
3/26/15,43610.58984,43610.58984,43099.48047,43229.16016
3/27/15,43231.44922,43656.37891,43096.73047,43637.96875
3/30/15,43631.23047,44015.94141,43571.35156,43922.82813
3/31/15,43916.10156,43916.10156,43596.87109,43724.78125
4/1/15,43709.48828,44216.75,43697.44922,44202.94141
4/6/15,44202.87109,44897.03125,43833.89063,44850.05859
4/7/15,44857.07031,45181.42188,44674.94922,44987.87109
4/8/15,44994.30078,45333.96875,44902.48047,44980.55859
4/9/15,44980.55859,45218.75,44891.78906,44913.26953
4/10/15,44913.94141,45009.60938,44745.03125,44882.01172
4/13/15,44881.37109,45061.67969,44864.37891,44994.55859
4/14/15,44989.17188,45072.89844,44773.55859,45004.51953
4/15/15,45003.46875,45443.01953,45001.17969,45262.94141
4/16/15,45256.46875,45483.26172,45094.05078,45480.23047
4/17/15,45482.23828,45485.73828,45012.30078,45012.37109
4/20/15,45019.62109,45206.28125,44958.69141,45077.80859
4/21/15,45077.44141,45433.17188,45077.44141,45296.91016
4/22/15,45294.25,45294.25,45077.57031,45232.03906
4/23/15,45226.10938,45473.83984,45027.5,45418.82813
4/24/15,45418.57813,45773.30859,45248.98047,45773.30859
4/27/15,45767.07813,46078.07031,45490.25,45512.37891
4/28/15,45514.03906,45594.14063,45216.03906,45338.35938
4/29/15,45338.35938,45378.67188,44895.85156,44942.23047
4/30/15,44950.32031,45129.46875,44581.69922,44582.39063
5/4/15,44589.10156,45264.53906,44586.94141,45238.46875
5/5/15,45237.12109,45479.16016,45061.32813,45091.32813
5/6/15,45078.57813,45112.08984,44655.10938,44853.26172
5/7/15,44848.46094,45010.76953,44704.28125,44768.80078
5/8/15,44770.07813,45126.03906,44770.07813,45125.94922
5/11/15,45125.48047,45245.71094,44950.62109,45179.96875
5/12/15,45180.23828,45180.23828,44849.85156,44950.48828
5/13/15,44939.57031,45120.69922,44885.91016,45038.14063
5/14/15,45048.94141,45350.23828,44980.21094,45271.46094
5/15/15,45272.39063,45357.44141,45147.91016,45332.80078
5/18/15,45330.10156,45413.48828,45134.21875,45408.33984
5/19/15,45410.23047,45540.67969,45245.87109,45311.75
5/20/15,45313.67188,45474.17969,45191.60156,45283.46875
5/21/15,45284.60938,45300.07813,45075.76953,45097.39063
5/22/15,45097.39063,45192.89844,44807.73047,44874.03906
5/25/15,44874.12109,44949.98828,44732.96875,44852.28906
5/26/15,44855,44858.89063,44383.53906,44401.39844
5/27/15,44397.07813,44684.19141,44124.58984,44682.58984
5/28/15,44668.98047,44817.64063,44508.76953,44807.30859
5/29/15,44801.35938,44845.12891,44603.62109,44703.62109
6/1/15,44699.55859,44788.58984,44570.01172,44760.10156
6/2/15,44752.53125,45053.51172,44572.87891,44931.48047
6/3/15,44932.28906,45208.48047,44732.55859,44732.71875
6/4/15,44729.21094,44844.73828,44478.28906,44561.10938
6/5/15,44559.48047,44847.96094,44481.94141,44561.94141
6/8/15,44559.78125,44596.19141,44338.21875,44544.05078
6/9/15,44544.35156,44686.07031,44385.76953,44519.21094
6/10/15,44528.67188,44758.41016,44528.67188,44578.28125
6/11/15,44579.35938,44753.96094,44527.17969,44624.73828
6/12/15,44626.89844,44796.83984,44469.48047,44692.5
6/15/15,44697.35938,44698.05859,44217.03906,44395.76172
6/16/15,44389.53906,44812.64063,44139.71875,44722.28125
6/17/15,44719.57813,44889.60938,44666.41016,44792.03906
6/18/15,44788.78906,45159.37891,44732.26953,45120.78906
6/19/15,45120.76953,45177.07813,44933.82031,44973.41016
6/22/15,44971.25,45272.14844,44969.03125,45224.98047
6/23/15,45225.71875,45512.62891,45224.51172,45454.14844
6/24/15,45453.33984,45514.01172,45280.28125,45424.94141
6/25/15,45420.07031,45532.80859,45232.46094,45377.12109
6/26/15,45381.37891,45630.19141,45332.44141,45566.32813
6/29/15,45556.87109,45556.87109,44710.35156,44710.35156
6/30/15,44711.42969,45054.07813,44585.58984,45053.69922
7/1/15,45052.89063,45298.55078,44928.48828,44928.51953
7/2/15,44928.51953,45342,44917.82031,45175.57813
7/3/15,45174.39063,45174.39063,44982.32031,45065.46875
7/6/15,45062.17969,45062.17969,44635.82031,44794.01172
7/7/15,44792.85156,45027.60938,44196.33984,45017.75
7/8/15,45004.76953,45009.53125,44441.37109,44497.73828
7/9/15,44499.73828,44922.60938,44499.73828,44564.32031
7/10/15,44558.10156,44980.28906,44558.10156,44915.98047
7/13/15,44933.85938,45184.80078,44916.48047,44990.39063
7/14/15,44990.46094,45194.69141,44747.32031,45136.69141
7/15/15,45136.16016,45179.51953,45018.78906,45107.12891
7/16/15,45111.73047,45461.94141,45111.73047,45344.89844
7/17/15,45347.80859,45387.69141,45087.48828,45325.37891
7/20/15,45325.57813,45655.73047,45228.19141,45567.98828
7/21/15,45568.62109,45664.76953,45387.80859,45401.23047
7/22/15,45394.19922,45447.07813,44660.35938,44670.42188
7/23/15,44671.28906,44894.73828,44599.53125,44836.32813
7/24/15,44840.25,44898.12891,44209.53125,44249.48828
7/27/15,44243,44246.89844,43713.71875,43713.71875
7/28/15,43715.62109,44241.51953,43715.62109,44222.96875
7/29/15,44215.39844,44566.87891,44058.89063,44471.28906
7/30/15,44470.66016,44470.66016,44177.87109,44373.30859
7/31/15,44374.46094,44793.17969,44322.78906,44752.92969
8/3/15,44737.51172,44913.62891,44436.12109,44903.94922
8/4/15,44901.21875,45206.87891,44869.10156,45177.98047
8/5/15,45180.35938,45388.64063,44863.92188,44937.60938
8/6/15,44938.5,45062.33984,44824.46875,44921.21875
8/7/15,44919.12109,44919.12109,44661.21094,44862.14063
8/10/15,44856.19141,45320.75,44785.08984,45320.69141
8/11/15,45321.57813,45333.35156,44376.53125,44379.78906
8/12/15,44379.03125,44402.57813,43640.05859,44032.37891
8/13/15,44083.48047,44287.12109,43785.42969,43870.53125
8/14/15,43870.39844,44069.85938,43746.30859,43746.71875
8/17/15,43762.89844,43990.05078,43574.12109,43953.48047
8/18/15,43958.07813,43960.87891,43730.55859,43872.12109
8/19/15,43868.60156,43906.55859,43307.53125,43473.73828
8/20/15,43470.48828,43470.48828,42995.26953,43036.58984
8/21/15,43033.01172,43033.01172,42098.73047,42163.82031
8/24/15,42139.17969,42139.17969,39256.57813,41471.46875
8/25/15,41484.5,42393.78906,41484.5,42010.89063
8/26/15,42012.14844,42427.48828,41669.21094,42323.03906
8/27/15,42324.32031,43480.83984,42324.32031,43452.35938
8/28/15,43459.39844,43534.82813,43161.37109,43290.85938
8/31/15,43288.42188,43722.23047,42775.28125,43721.96094
9/1/15,43707.01953,43707.01953,42839.14063,42911.51172
9/2/15,42908.23828,43194.96875,42772.05859,42969.92969
9/3/15,42971.12109,43663.80078,42971.12109,43283.46875
9/4/15,43283.32031,43283.32031,42555.85938,42742.85938
9/7/15,42729.26953,42853.89844,42326.10156,42756.26172
9/8/15,42755.17188,43180.17188,42755.17188,43083.94141
9/9/15,43085.71875,43523.53125,42754.05078,42754.67969
9/10/15,42749.78906,42926.53906,42621.44141,42888.51172
9/11/15,42888.51172,42991.80078,42761.75,42780.73047
9/14/15,42775.60938,42909.03906,42661.82813,42827.35156
9/15/15,42829.67188,43273.07031,42813.08984,43269.62109
9/17/15,43279.14063,44075.51953,43263.42188,43790.92969
9/18/15,43788.53906,43788.53906,43177.08984,43565.05078
9/21/15,43568.46875,43722.07813,43458.58984,43618.14063
9/22/15,43621.21875,43621.21875,43047.87109,43232.05859
9/23/15,43236.41016,43285.39844,43042.35938,43042.35938
9/24/15,43042.30859,43085.03125,42459.76172,42596.55859
9/25/15,42595.19922,42912.21875,42326.42188,42435.23047
9/28/15,42430.60938,42453.12891,41791.60156,41893.51172
9/29/15,41894.10938,42254,41861.78906,42121.51172
9/30/15,42113.85156,42703.07031,42113.85156,42632.53906
10/1/15,42627.42188,42752.01172,42418.53906,42695.73828
10/2/15,42695.14063,42769.23047,42203.82031,42735.14844
10/5/15,42740.85938,43614.17188,42740.85938,43566.32031
10/6/15,43566.39063,43743.83984,43435.03906,43561.42188
10/7/15,43562.91016,44166.39844,43562.91016,43832.03125
10/8/15,43838.55078,44172.32813,43654.76172,44076.94141
10/9/15,44080.14844,44477.5,44080.14844,44375.62109
10/12/15,44370.71875,44619.60938,44142.17188,44314.25
10/13/15,44318.48047,44442.53906,44125.14063,44318.19141
10/14/15,44313.62891,44416.14063,44058.87109,44064.42969
10/15/15,44065.05859,44255.37891,43811.48828,44087.58984
10/16/15,44090.46094,44432.37109,44062.55859,44364.16016
10/19/15,44371.76953,44523.69922,44116.07813,44523.01172
10/20/15,44517.30859,44653.85938,44191.57031,44653.85938
10/21/15,44657.12109,44938.12109,44309.76172,44426.07031
10/22/15,44426.30859,44989.25,44321.28906,44627.96875
10/23/15,44628.42188,45094.10156,44628.42188,45010.23828
10/26/15,45022.46094,45102.57813,44787.08984,45036.51953
10/27/15,45036.30078,45036.89063,44570.87891,44698.01172
10/28/15,44683.60156,44933.14063,44585.5,44741.67969
10/29/15,44738.26172,44860.42969,44477.92188,44634.80859
10/30/15,44635.80078,44648.83984,44238.69141,44542.76172
11/3/15,44543.83984,45540.92969,44336.73828,45354.58984
11/4/15,45356.17969,45680.10938,45322.87891,45373.17188
11/5/15,45373.89063,45546.55078,45190.26172,45195.64844
11/6/15,45195.71875,45388.21094,44923.46094,45243.85156
11/9/15,45238.14063,45302.53906,44187.55859,44479.23047
11/10/15,44474.33984,44474.78906,43772.75,44359.89063
11/11/15,44353.62891,44646.57813,44219.87109,44347.91016
11/12/15,44351.17188,44351.17188,44083.62109,44120.51953
11/13/15,44120.82031,44266.21875,43458.10938,43617.73047
11/17/15,43614.39063,44219.78906,43614.39063,44184.64844
11/18/15,44182.25,44505.58984,44118.98047,44505.58984
11/19/15,44519.85156,44762.53125,44460.78906,44620.60156
11/20/15,44621.41016,44997.69141,44587.64844,44895.01953
11/23/15,44878.78125,44925.33984,44743.19922,44779.14063
11/24/15,44777.71094,44777.71094,44421.17188,44576.23047
11/25/15,44576.23047,44649.10938,44040.07813,44138.75
11/26/15,44137.19141,44377.58984,44053.23047,44374.51953
11/27/15,44387.10156,44420.64844,43895.82031,44247.98047
11/30/15,44241.28906,44412.07031,43382.12891,43418.55078
12/1/15,43418.55078,43984.89844,43368.83984,43984.89844
12/2/15,43984.39063,44024.94922,43386.17969,43417.05078
12/3/15,43423.01953,43496.23828,42756.46875,43027.30078
12/4/15,43033.01172,43220.69141,42810.46875,42994.23047
12/7/15,42997.57813,43103.58984,42648.05859,42655.23828
12/8/15,42653.07813,42710.62109,42214.73828,42236.73828
12/9/15,42260.37109,42796.07813,42260.37109,42398.05859
12/10/15,42376.53906,42508.32031,42358.69922,42447.76953
12/11/15,42447.58984,42494.73828,41907.78906,42000.62891
12/14/15,41997.26953,42057.30859,41514.76953,41901.96094
12/15/15,41902.76953,43156.19141,41902.76953,42905.19922
12/16/15,42909.01953,43497.62109,42909.01953,43429.71875
12/17/15,43435.94141,43780.26172,43361.46094,43503.51953
12/18/15,43504.42188,43507.83984,42863.98828,42936.62891
12/21/15,42958.01172,43392.71875,42958.01172,43160.60938
12/22/15,43158.55859,43619.71094,43152.57031,43328.71875
12/23/15,43329.42969,43787.30078,43241.53906,43579.67188
12/24/15,43579.07813,43774.69141,43527.23828,43528.26953
12/28/15,43528.41016,43535.5,43347.28125,43396.16016
12/29/15,43410.69141,43643.07813,43298.89063,43391.78125
12/30/15,43376.53906,43520.78125,43010.55078,43012.37109
12/31/15,43007.73828,43030.12891,42690.62109,42977.5
1/4/16,42963.89844,42963.89844,41897.48047,42113.69922
1/5/16,42118.60156,42346.14063,41859.26953,42041.67969
1/6/16,42039.23047,42039.23047,41627.98047,41691.19141
1/7/16,41688.75,41688.75,40611.30078,40661.57031
1/8/16,40661.80859,41242.55859,40154.94141,40265.37109
1/11/16,40254.5,40749.67969,40128.46875,40706.89063
1/12/16,40717.98828,41070.92969,40717.98828,41022.73828
1/13/16,41026.55078,41270.94141,40463.64063,41008.78125
1/14/16,41026.55078,41385.53125,40731.80078,41352.75
1/15/16,41350.30078,41350.30078,40298.01953,40847.69922
1/18/16,40842.82031,40854.64063,40440.35938,40604.78906
1/19/16,40611.85156,41136.48828,40494.05859,40809.25
1/20/16,40807.21875,40845.03125,39924.08984,40844.41016
1/21/16,40833.26953,41339.48828,40557.32813,41166.87891
1/22/16,41207.98047,41744.42188,41207.98047,41621.30859
1/25/16,41623.23047,41678.35156,41344.25,41476.35156
1/26/16,41474.44922,42037.55859,41451.19922,41932.39063
1/27/16,41923.42969,42394.08984,41823.87891,42109.89063
1/28/16,42101.07813,42445.44922,42055.26953,42393.01953
1/29/16,42386.23047,43631.17969,42370.98047,43630.76953
2/2/16,43639.92188,43639.92188,42884.51172,43092.48828
2/3/16,43120.67188,43306.37891,42916.01172,43257.53906
2/4/16,43255.10156,44260.23047,43255.10156,43751.92969
2/5/16,43759,43833.76172,43215.96875,43229.67188
2/8/16,43229.78906,43229.78906,42546.62891,42774.85156
2/9/16,42775.69141,42887.39063,42192.78906,42399.19141
2/10/16,42401.91016,42936.85938,42268.85938,42535.73828
2/11/16,42540.46094,42540.46094,41757.39844,42359.26172
2/12/16,42351.12109,42635.64844,42275.78906,42416.44141
2/15/16,42414.80859,43223.96094,42414.80859,43205.91016
2/16/16,43205.42969,43352.37891,42847.5,43100.32031
2/17/16,43103.30859,43585.30859,43019.64844,43585.23047
2/18/16,43561.05859,43731.67188,43278.80078,43516.66016
2/19/16,43517.16016,43618.60156,43219.32813,43375.30859
2/22/16,43379.17188,43882.23047,43379.17188,43546.71875
2/23/16,43550.78906,43672.96875,43143.58984,43216.57813
2/24/16,43221.05859,43234.37109,42364.89063,42744.91016
2/25/16,43177.53125,43445.14844,42938.98828,43434.55078
2/26/16,43449.91016,43611.69922,43239.39844,43473.37109
2/29/16,43475,43723.85938,43326.94141,43714.92969
3/1/16,43717.64844,44280.17969,43715.98828,44214.5
3/2/16,44198.39063,44739.01172,44165.60156,44615.75
3/3/16,44616.46094,44869.96875,44561.03906,44742.21875
3/4/16,44740.53125,45255.92188,44740.53125,44849.01953
3/7/16,44855.25,45146.32813,44850.96875,44967.16016
3/8/16,44967.21875,45017.62891,44335.39063,44504.28906
3/9/16,44507.48828,44668.39844,44189.55859,44492.5
3/10/16,44499.48828,44779.08984,43965.23047,44337.03906
3/11/16,44338.94141,45007.26953,44338.94141,44617.73828
3/14/16,44746.32813,44873.25,44548.55078,44691.80078
3/15/16,44691.01172,44694.30859,44139.53906,44210.44141
3/16/16,44207.53906,44751.62109,44026.17969,44751.39844
3/17/16,44751.39844,45507.87109,44644.33984,45435.08984
3/18/16,45436.17969,46129.66016,45203.17188,45482.39063
3/22/16,45464.53125,45632.28125,45308.30078,45632.28125
3/23/16,45632.62891,45713.75,45365.53906,45647.57031
3/28/16,45652.44141,45847.26172,45458.58984,45623.48047
3/29/16,45623.21094,45910.80859,45456.14063,45897.64844
3/30/16,45894.39844,46307.60938,45808.55078,46191.51172
3/31/16,46188.10156,46276.98828,45663.62891,45881.07813
4/1/16,45877.39063,46068.30859,45509.08984,46062.92188
4/4/16,46067.25,46077.10156,45454.10156,45678.17969
4/5/16,45678.33984,45678.33984,45183.71094,45186.01172
4/6/16,45183.30078,45370.78906,45023.51172,45281.96875
4/7/16,45278.80859,45290.03125,44834.23828,45052.16016
4/8/16,45074.30859,45382.66016,44797.16016,44859.48828
4/11/16,44864.85156,45112.55859,44745.10938,44760.53125
4/12/16,44765.35156,45126.92188,44708.62891,45090.67188
4/13/16,45095.26953,45483.21875,45076.98828,45411.30078
4/14/16,45411.53906,45624.53125,45363.82813,45403.53906
4/15/16,45401.58984,45636.17188,45390.82813,45536.51953
4/18/16,45518.62109,45561.44141,44956.23047,45022.62891
4/19/16,45027.03906,45881.66016,45027.03906,45780.17969
4/20/16,45780.51172,45834.57031,45507.41016,45650.35156
4/21/16,45653.21094,45860.01172,45539.35938,45556.64844
4/22/16,45556.10938,45825.32031,45556.10938,45613.21094
4/25/16,45608.32813,45804.94141,45383.07813,45581.19922
4/26/16,45584,45691.80078,45279.55078,45416.89844
4/27/16,45566.89063,45965.44141,45566.89063,45941.51953
4/28/16,45940.98047,45982.83984,45189.62891,45528.92969
4/29/16,45534.26172,45784.80078,45416.05859,45784.76953
5/2/16,45785.96094,45847.42969,45502.51953,45707.87109
5/3/16,45706.44922,45706.44922,45238.32031,45647.82031
5/4/16,45649.14063,45649.14063,45060.07031,45349
5/5/16,45350.28125,45440.46875,45066.91016,45147.96875
5/6/16,45142.82031,45243.19141,44925.46875,45209.85156
5/9/16,45209.03125,45320.35156,44823.21094,45250.33984
5/10/16,45257.10938,45684.67969,45143.01953,45676.41016
5/11/16,45663.60938,45733.17188,45461.42969,45506.87109
5/12/16,45514.64844,45838.17188,45437.48047,45685.82031
5/13/16,45684.46875,45736.98047,45373.21094,45402.46875
5/16/16,45402.73828,45863.76172,45381.83984,45843.14063
5/17/16,45846.98828,45912.03906,45621.80078,45872.17969
5/18/16,45871.03125,45887.76953,45395.05859,45551.19922
5/19/16,45551.08984,45555.35156,44898.42969,45051.26953
5/20/16,45053.57031,45321.48828,45042.35156,45155.91016
5/23/16,45159.32813,45349.82813,45046.30078,45236.16016
5/24/16,45233.98828,45523.89844,45226.69922,45497.46094
5/25/16,45496.64063,45882.73047,45494.92969,45710.94141
5/26/16,45705.51953,46080.82031,45688.64063,46039.69141
5/27/16,46040.23047,46220.62891,45996.73828,46124.14844
5/30/16,46119.53906,46204.44922,45936.23047,46017.21094
5/31/16,46026.14844,46069.12891,45371.73047,45459.44922
6/1/16,45468.53906,45612.44141,45268.83984,45557.60938
6/2/16,45549.58984,45745.80859,45458.85156,45508.30859
6/3/16,45508.46094,45933.51172,45450.46875,45928.23047
6/6/16,45929.30859,46114.94922,45821.39844,45857.73047
6/7/16,45852.28125,46277.14063,45852.28125,46124.62891
6/8/16,46127.62109,46545.32031,46015.85938,46263.83984
6/9/16,46266.26953,46308.05078,45660.35156,45662.71094
6/10/16,45655.94141,45655.94141,45163.44922,45177.5
6/13/16,45170.46094,45180.64063,44709.17969,44930.25
6/14/16,44935.03125,44968.53906,44389.23828,44570.58984
6/15/16,44562.73047,45107.05078,44491.12109,45011.21875
6/16/16,45017.44922,45225.39844,44580.69922,45225.39844
6/17/16,45227.69922,45394.87891,45106.71094,45306.21875
6/20/16,45306.35938,45978.85938,45306.35938,45779.66016
6/21/16,45781.98828,45843.07031,45421.44141,45705.42188
6/22/16,45706.19141,45809.08984,45612.42188,45806.16016
6/23/16,45820.69922,46145.92188,45820.69922,46145.92188
6/24/16,46119.92188,46153.67969,44501,44885.82031
6/27/16,44888.94922,44888.94922,43902.25,44282.03125
6/28/16,44297.58984,44960.89063,44297.58984,44714.53906
6/29/16,44725.80859,45584.78906,44700.42969,45466.37109
6/30/16,45466.37109,45967.21875,45419.73047,45966.48828
7/1/16,45973.19922,46251.80859,45831.32813,46213.26953
7/4/16,46213.26953,46429.05078,46135.08984,46201.32813
7/5/16,46200.21875,46341.23828,45669.66016,45819.60156
7/6/16,45819.62109,45820.21094,45104.87109,45304.75
7/7/16,45300.23047,45655.76172,45215.14063,45394.37109
7/8/16,45393.28125,45744.62109,45344.01953,45744.28906
7/11/16,45743.48828,46218.51172,45743.48828,46177.60938
7/12/16,46183.78125,46520.05078,46183.78125,46432.69922
7/13/16,46432.69922,46614.19141,46187.64844,46271.96875
7/14/16,46273.60156,46765.21094,46273.60156,46498.51172
7/15/16,46503.07031,46767.30859,46500.39063,46713.42969
7/18/16,46711.94141,47108.64844,46611.55859,46961.25
7/19/16,46966.60938,47134.26953,46826.87109,47060.57031
7/20/16,47054.67188,47505.25,46936.51172,47505.25
7/21/16,47503.60156,47648.41016,47313.30859,47364.80859
7/22/16,47363.07813,47589.44922,47359.53125,47537.28125
7/25/16,47524.39063,47785.28906,46971.69922,47130.41016
7/26/16,47129.48047,47343.05078,46921.39844,46927
7/27/16,46933.76172,47575.26172,46664.16016,46812.07031
7/28/16,46818.85938,46872.12109,46402.51172,46833.87109
7/29/16,46820.17969,46824.73828,46304.19141,46660.67188
8/1/16,46654.5,46887.92188,46638.44141,46807.23828
8/2/16,46806.07813,46806.07813,46143.80859,46558.35938
8/3/16,46556.21875,46888.42969,46311.28125,46844.53125
8/4/16,46839.19141,47102.21094,46678.60938,46941.46094
8/5/16,46940.23047,47197.10938,46931.25,47194.14844
8/8/16,47207.75,47539.21875,47012.01172,47368.64844
8/9/16,47375.58984,47801.76953,47363.26172,47630.37109
8/10/16,47635.44141,47902.82031,47565.32031,47797.69922
8/11/16,47833.87891,48434.76953,47713.83984,48341.94922
8/12/16,48348.26953,48570.98828,48096.10156,48363.89063
8/15/16,48366.89063,48956.05859,48361,48694.89844
8/16/16,48699.17188,48800.23828,48334.96875,48351.96094
8/17/16,48351.16016,48556.07813,48100.14063,48258.92969
8/18/16,48253.03906,48492.85156,47930.87109,48437.10156
8/19/16,48432.05078,48557.78125,48167.92188,48297.46094
8/22/16,48289.30078,48367.05078,47899.01172,48293.46094
8/23/16,48290.08984,48494.35938,47665.94141,47666.01953
8/24/16,47660.98047,47925.51172,47480.57813,47743.60938
8/25/16,47741.55078,47867.89844,47642.25,47734.19922
8/26/16,47729.55859,48002.46094,47095.08984,47369.57031
8/29/16,47357.78906,47646.21094,47310.12891,47599.12109
8/30/16,47610.05859,47832.39844,47445.87891,47650.57031
8/31/16,47649.69141,47768.96875,47341.89844,47541.32031
9/1/16,47544.03906,47655.60938,47314.82031,47563.33984
9/2/16,47551.10938,48096.32031,47204.05859,47787.98828
9/5/16,47786.98047,47968.16016,47786.5,47842.23047
9/6/16,47839.89844,47868.76953,47304.82813,47626.98047
9/7/16,47623.23047,47676.60156,47178.76172,47398.69922
9/8/16,47397.89063,47492.98047,47250.03125,47416.96875
9/9/16,47419.69141,47421.14063,46459.17188,46459.17188
9/12/16,46456.87891,46782.05859,45934.01953,46720.96094
9/13/16,46719.23047,46719.23047,46012.23828,46154.19922
9/14/16,46137.73828,46408.03906,45700.69922,45767.57031
9/15/16,45767.37109,45975.78125,45679.57031,45922.91016
9/19/16,45927.48828,46131.42969,45737.42969,45871.03906
9/20/16,45869.69141,46421.67969,45869.69141,46341.32813
9/21/16,46345.37891,46943.69922,46344.03906,46929.19141
9/22/16,46930.33984,47975.55859,46930.33984,47975.05078
9/23/16,47967.17188,47967.21094,47435.82031,47778.48047
9/26/16,47776.94141,47776.94141,47094.48828,47252.53906
9/27/16,47257.30078,47731.85938,46971.64063,47731.83984
9/28/16,47734.28906,48175.26953,47639.19141,48046.55859
9/29/16,48045.21094,48488.35156,47511.48047,47672.07031
9/30/16,47673.60156,47961.39063,47245.08984,47245.80078
10/3/16,47250.55078,47607.28125,47080.01953,47601.92969
10/4/16,47602.28906,47986.28906,47495.23828,47909.26953
10/5/16,47909.17188,48226.08984,47904.94141,48141.42188
10/6/16,48124.28125,48132.62891,47832.60938,47944.76953
10/7/16,47946.30078,47946.30078,47460.33984,47596.60156
10/10/16,47597.91016,48413.66016,47555.21875,48264.96094
10/11/16,48265.55859,48272.10156,47990.78906,48014.39844
10/12/16,48015.07031,48069.91016,47740.03125,47915.12109
10/13/16,47913.76953,47913.76953,47429.17188,47741.53906
10/14/16,47746.33984,48041.05078,47645.48828,47701.44922
10/17/16,47699.75,47918.60156,47637.42969,47657.32813
10/18/16,47661.46875,48129.94922,47661.46875,48106.12109
10/19/16,48107.66016,48572.64063,48006.08984,48492.60938
10/20/16,48479.66016,48563.62109,48188.05859,48274.25
10/21/16,48273.85156,48533.94141,48123.91016,48418.39844
10/24/16,48423.19922,48619.44141,48299.30078,48431.25
10/25/16,48423.07031,48432.96875,48057.03906,48093.53125
10/26/16,48095.05859,48122.67188,47726.85938,47805.44141
10/27/16,47804.62891,48115.48828,47770.57813,48114.67188
10/28/16,48113.87109,48371.51172,47534.05859,48007.19922
10/31/16,48002.21094,48245.14844,47818.33984,48009.28125
11/1/16,48021.28906,48157.12891,47061.89844,47303.30859
11/3/16,47286.16016,47480.66016,46683.80078,46683.80078
11/4/16,46684.39844,47369.78125,46441.46094,46694.80859
11/7/16,46695.01172,48373.19141,46695.01172,48050.25
11/8/16,48049.75,48672.94141,48049.75,48470.98828
11/9/16,48450.37891,48450.37891,46354.69141,47390.66016
11/10/16,47389.75,48124.51172,45209.89844,45224.37891
11/11/16,45229.17969,45743.48828,44737.96875,44978.25
11/14/16,44995.96875,45956.25,44995.87891,45306.48047
11/15/16,45305.96875,46142.19922,45023.64844,45023.64844
11/16/16,45039.07813,45406.21094,44788.12891,44901.57031
11/17/16,44901.67188,45315.10938,44843.55859,44919.69141
11/18/16,44921.03906,44940.89063,43998.98047,44364.17188
11/22/16,44367.05078,44966.62109,44367.05078,44838.76172
11/23/16,44874.48828,45197.32031,44555.80078,45184.07813
11/24/16,45250.39844,45421.75,45201.57031,45265.89844
11/25/16,45268.39063,45509.94141,45107.32813,45357.85156
11/28/16,45360.07031,45514.12891,45127.71094,45470.60938
11/29/16,45480.96875,45504.71094,45268.87891,45372.19141
11/30/16,45373.53125,45654.53125,45027.07031,45315.96094
12/1/16,45314.03906,45567.44141,44865.98047,44884.85938
12/2/16,44885.75,45018.28125,44471.83984,44555.26172
12/5/16,44555.26172,45085.28125,44555.26172,44937.30078
12/6/16,44938.10156,45153.05859,44850.87109,45103.21875
12/7/16,45116.35156,45644.42969,45111.85938,45609.89844
12/8/16,45611.05078,46365.67188,45532.41016,46360.23047
12/9/16,46359.12109,46955.51172,46166.78906,46913.46875
12/13/16,46916.19141,47241.12891,46370.03125,46870.23828
12/14/16,46870.64063,46901.53125,45962.66016,46220.53906
12/15/16,46220.23828,46235.17969,45863.96875,45871.96094
12/16/16,45871.76953,45937.10938,45099.73047,45121.39063
12/19/16,45121.19141,45265.78125,44875.67969,44895.28906
12/20/16,44894.69141,45266.42188,44761.96875,44930.26953
12/21/16,44936.78906,45110.80859,44817.30078,44983.03125
12/22/16,44982.42969,45041.42188,44568.26953,45008.07813
12/23/16,45016.64844,45263.23047,44922.28125,45173.53906
12/26/16,45219.35156,45219.35156,44862.44922,44989.57813
12/27/16,44989.57813,45329.26172,44938.73828,45299.67188
12/28/16,45301.19922,45619.83984,45257.71875,45563.17969
12/29/16,45564.51953,46025.64844,45549.39063,45909.30859
12/30/16,45910.44141,45986.28906,45374.41016,45642.89844
1/2/17,45642.80078,45792.46094,45593.26172,45695.10156
1/3/17,45698.92969,46444.71875,45690.46094,46123.35938
1/4/17,46123.35938,46587.73828,46068.82813,46587.73828
1/5/17,46586.03125,46767.37109,46285.87891,46719.98828
1/6/17,46721.69922,46731.89844,46027.10156,46071.57031
1/9/17,46072.37891,46153.03125,45314.57813,45553.51172
1/10/17,45585.48828,45924.51172,45531.03906,45886.26953
1/11/17,45886.17969,46085.78125,45550.10156,45933.64844
1/12/17,45935.55078,46265.14844,45805.5,46060.98047
1/13/17,46070.69141,46438.80078,46039.78125,46182.42969
1/16/17,46184.12891,46229.62891,45714.58984,45740.37891
1/17/17,45721,46159.01172,45720.67188,46002.55859
1/18/17,46006.60156,46390.21875,46006.60156,46360.62891
1/19/17,46360.82813,46423.58984,46059.30859,46265.26172
1/20/17,46262.53906,46396.21875,46021.57813,46331.60156
1/23/17,46325.07031,47141,46170.87109,47116.23828
1/24/17,47121.17969,48220.03906,47118.14844,48149.60938
1/25/17,48152.62891,48632.51172,47870.87109,48275.82813
1/26/17,48280.46875,48284.30859,47372.48047,47611.44141
1/27/17,47632.57813,47695.48047,47192.03125,47421.12109
1/30/17,47611.44141,47611.44141,46761.5,47091.82031
1/31/17,47131.23047,47243.07031,46928.48047,47001.05859
2/1/17,47001.96875,47225.23047,46780.03125,47009.51172
2/2/17,47019.85156,47111.78125,46909.30859,47095.07031
2/3/17,47097.51172,47228.64844,46801.76953,47225.10156
2/7/17,47228.03906,47258.28906,46614.37891,46728.94922
2/8/17,46767.21875,46985.23047,46639.21094,46921.71094
2/9/17,46907.01172,47461.60156,46850.08984,47232.17188
2/10/17,47222.94141,48115.98047,47123.03125,47797.03906
2/13/17,47798.37891,47904.73047,47391.48047,47661.69141
2/14/17,47650.23828,47687.12891,47279.42969,47391.23828
2/15/17,47392.44141,47467.14063,47059.67969,47161.73828
2/16/17,47165.67969,47444.26953,47121.17969,47293.85156
2/17/17,47303.05078,47386.17188,47005.42188,47164.71094
2/20/17,47159.16016,47612.28906,47046.39844,47083.80859
2/21/17,47089.12109,47638.51953,47089.12109,47614.98828
2/22/17,47614.69141,47654.64063,47194.57813,47195.67969
2/23/17,47197.19141,47482.60938,46842.46094,47206.35938
2/24/17,47215.55859,47215.55859,46587.92969,47047.67188
2/27/17,47040.94922,47464.25,46859.57031,47349.19922
2/28/17,47352.44922,47378.08984,46692.46875,46856.78906
3/1/17,46853.67188,47564.35156,46853.67188,47467.94922
3/2/17,47458.69141,47513.89844,46960.25,47288.66016
3/3/17,47292.30078,47574.46875,47001.98828,47414.57031
3/6/17,47407.28906,47891.32813,46995.60938,47883.58984
3/7/17,47883.98828,47886.23828,47406.28906,47419.16016
3/8/17,47410.19141,47688.76953,47298.71875,47539.21875
3/9/17,47538.82031,47563.37109,47072.57031,47263.92188
3/10/17,47262.91016,47481.69141,47026.37109,47102.30859
3/13/17,47093.30859,47288.75,46965.87891,47101.14063
3/14/17,47095.78125,47181.23047,46597.57813,47087.96875
3/15/17,47087.76953,47583.60156,46905.53125,47470.30859
3/16/17,47496,48333.60938,47333.78906,48056.55859
3/17/17,48066.82031,48626.12109,47924.89063,48593.44141
3/21/17,48593.64063,49240.08984,48422.83984,48589.05078
3/22/17,48592.26172,48612.60938,48201.80859,48487.30078
3/23/17,48481.14844,48898.32031,48437,48676.91016
3/24/17,48675.19141,49105.30859,48595.07813,49083.85156
3/27/17,49082.89063,49312.98828,48743.80859,49312.98828
3/28/17,49310.76953,49523.94141,49194.71875,49339.23828
3/29/17,49335.80859,49335.80859,48941.48047,49036.51953
3/30/17,49032.08984,49068.48047,48719.62891,48863.30078
3/31/17,48863.12891,48925.44141,48541.55859,48541.55859
4/3/17,48549.23047,49008.80859,48461.26953,48819.07031
4/4/17,48799.08984,49342.80078,48791.42969,49342.76953
4/5/17,49339.23828,49560.89844,49118.21094,49207.60938
4/6/17,49207.76953,49313.73047,48838.85156,49012.42188
4/7/17,49012.21875,49393.25,48887.07813,49343.64063
4/10/17,49339.64844,49590.85156,49163.30859,49540.26172
4/11/17,49540.76172,49753.57031,49102.80078,49637.92969
4/12/17,49607.28906,49661.07813,48871.89063,48955.82031
4/17/17,48969.03906,49222.96094,48844.01172,49011.55859
4/18/17,49010.21875,49012.58984,48335.98047,48762.53125
4/19/17,48765.55078,48975.44141,48727.67969,48873.83984
4/20/17,48882.26953,49145.91016,48741.05078,49144.96094
4/21/17,49131.73828,49131.73828,48727.73828,48967.82813
4/24/17,48969.69141,49504.58984,48969.69141,49413.26172
4/25/17,49411.33984,49821.46875,49411.33984,49808.05078
4/26/17,49807.85156,50147.03906,49130.5,49565.16016
4/27/17,49552.32031,49649.46875,49184.12109,49440.96094
4/28/17,49444.98047,49478.26172,49151.89844,49261.32813
5/2/17,49260.12109,49646.60938,49220.76953,49588.83984
5/3/17,49540.30078,49757.96094,49070.30859,49099.98047
5/4/17,49098.05859,49312.07031,48867.37109,48998.10938
5/5/17,48994.67969,49485.73828,48963.87891,49485.67188
5/8/17,49491.42188,49582.48828,49346.08984,49505.85938
5/9/17,49503.03906,50026.55859,49503.03906,49939.46875
5/10/17,49941.48828,50154.32813,49850.10156,49930.53906
5/11/17,49930.73047,49937.07031,49458.05859,49530.53125
5/12/17,49531.87109,49566.94922,49228.53906,49426.07813
5/15/17,49433.94922,49733.5,49338.73047,49678.96094
5/16/17,49680.10156,49817.30859,49404.62891,49459.62109
5/17/17,49457.89844,49460.96875,48731.53906,48747.94922
5/18/17,48759.26172,48759.26172,48146,48322.23828
5/19/17,48322.23828,49172.64844,48274.62109,49067.46875
5/22/17,49056.73047,49415.89063,48793.23828,48943.46094
5/23/17,48945.98047,49119.89844,48771.76953,49042.51953
5/24/17,49045.14063,49581.98828,49045.14063,49494.39844
5/25/17,49502.26172,49696.98828,49319.91016,49410.92188
5/26/17,49411.73047,49741.80859,49195.26953,49688.26953
5/29/17,49676.03125,49701.28125,49332.55078,49450.48047
5/30/17,49452.19922,49634.10938,49089.08984,49277.94922
5/31/17,49275.62891,49423.41016,48749.96094,48788.44141
6/1/17,48795.89063,49224.46094,48774.91016,49101.64063
6/2/17,49100.82031,49323.71875,48979.58984,49317.37891
6/5/17,49244.26953,49627.76172,49120.67188,49592.48828
6/6/17,49566.32813,49566.32813,49177.53906,49218.62109
6/7/17,49194.21875,49352.78125,49030.23828,49274.96875
6/8/17,49302.66016,49327.41016,49018.96094,49087.46094
6/9/17,49046.85938,49277.32031,48993.26172,49081.73047
6/12/17,49073.66016,49241.30078,48952.75,49128.76172
6/13/17,49183.46875,49203.35938,48978.17188,49026.82813
6/14/17,49121.19922,49378.69141,49022.53906,49291.03125
6/15/17,49233.21094,49233.85156,48861.25,49139.69922
6/16/17,49134.10156,49348.76953,48870.10156,49221.03125
6/19/17,49231.60938,49473.67188,48935.14844,49169.57031
6/20/17,49209.62109,49226.76172,48937.66016,49033.05078
6/21/17,48958.71094,49203.64063,48895.35938,48983.44922
6/22/17,48933.07813,49053,48827.55859,49017.42969
6/23/17,48938.37891,49139.05859,48873.85156,48980.78125
6/26/17,48806.03906,49267.67969,48770.98047,49165.67188
6/27/17,49179.01172,49207.87109,48944.08984,49087.73828
6/28/17,49129.55859,49391.37891,49067.78125,49340.10938
6/29/17,49380.5,49428.55078,49001.78125,49198.12109
6/30/17,49255.07813,49901.51172,49204.76172,49857.48828
7/3/17,49831.53125,50312.01953,49790.53125,50109.16016
7/4/17,49999.07031,50236.44141,49925.30859,50041.57813
7/5/17,50065.51953,50339.62891,50022.14844,50300.80859
7/6/17,50268.94922,50274.91016,49884.17969,50015.67188
7/7/17,50042.53125,50141.17969,49696.96875,50059.01953
7/10/17,50058.69922,50661.75,49975.73047,50616.80859
7/11/17,50545.51172,50869.10156,50344.78125,50510.23047
7/12/17,50847.94922,51103.85156,50440.69922,50809.76953
7/13/17,50820.85156,51014.14063,50704.19922,50968.76172
7/14/17,50966.87109,51298.10156,50824.12891,51162.23047
7/17/17,51141.62891,51364.19141,50950.62109,51332.28906
7/18/17,51228.35938,51230.69922,50990.67188,51099.71094
7/19/17,51172.91016,51363.98828,50890.25,51086.92969
7/20/17,51163.21094,51264.51172,51082.67969,51144.14063
7/21/17,51180.03906,51641.37891,51165.60938,51564.62109
7/24/17,51526.39063,51743.62109,51205.53906,51665.64844
7/25/17,51590.48047,51772.37109,51524.23047,51713.37891
7/26/17,51537.30078,51765.94141,51476.44922,51600.26172
7/27/17,51545.92188,51660.78125,51172.83984,51257.35938
7/28/17,51228.42188,51320.51172,50895.53906,51213.60156
7/31/17,51219.57813,51335.98828,50926.12891,51011.87109
8/1/17,51282.19141,51432.76953,51141.26953,51195.01172
8/2/17,51153.85938,51484.76953,51105.46875,51200.12891
8/3/17,51198.14063,51343.28125,51088.96875,51293.07031
8/4/17,51240.67188,51415.60938,51181.71094,51328.28906
8/7/17,51300.21875,51572.55078,51300.21875,51389.26953
8/8/17,51331.78906,51722.05859,51305.76953,51328.76172
8/9/17,51263.01172,51395.03906,51081.05859,51237.5
8/10/17,51235.26953,51248.01172,50618.23047,50906.83984
8/11/17,50895.92188,50912.76172,50605.87891,50645.10156
8/14/17,50680.42969,51231.32813,50680.42969,51167.46875
8/15/17,51225.53906,51362.07813,51151.87109,51339.28906
8/16/17,51331.89844,51431.91016,50983.44141,51156.67188
8/17/17,51176.66016,51203.35938,50889.5,50994.17969
8/18/17,50930.5,51254.28906,50836.42188,51075.46094
8/21/17,51131.55078,51277.67969,50985.51172,51241.10938
8/22/17,51194.23828,51448.64063,51194.23828,51332.98047
8/23/17,51276.14063,51332.44141,51160.92188,51280.17188
8/24/17,51205.23828,51558.55859,51205.23828,51470.05859
8/25/17,51521.17969,51620.83984,51331.44141,51373.23047
8/28/17,51429.62109,51588.71875,51025.19922,51266.71875
8/29/17,51200.62109,51345.89844,51054.57031,51313.66016
8/30/17,51312.89844,51350.07813,51003.92969,51193.51953
8/31/17,51155.58984,51232.48828,51034.26953,51210.48047
9/1/17,51271.32031,51370.82031,51001.30078,51080.85156
9/4/17,51015.91016,51041.89063,50771.57813,50825.76953
9/5/17,50947.67188,50969.73828,50257.73828,50301.39063
9/6/17,50341.85938,50664.66016,50232.91016,50515.60156
9/7/17,50533.53906,50700.96875,50094.94922,50249.12109
9/8/17,50192.73047,50308.53906,49865.78906,50083.80078
9/11/17,50135.92188,50443.46875,50133.53906,50359.32031
9/12/17,50385.80078,50699.5,50385.5,50480.96094
9/13/17,50519.92969,50542.44922,50121.64063,50164.87891
9/14/17,50094.89844,50225.12109,50017.37109,50107.85938
9/15/17,50058.62109,50134.44141,49779.08984,49921.83984
9/18/17,49953.14063,50326.55859,49953.14063,50258.42188
9/19/17,50327.32031,50364.82813,50117.71094,50265.46094
9/20/17,50312.78906,50430.37891,50173.51953,50363.94922
9/21/17,50385.33984,50636.32813,50156.76172,50545.75
9/22/17,50487.92969,50541.5,50282.19141,50313.51172
9/25/17,50302.12891,50436.07031,50161.28906,50368.17188
9/26/17,50462.57813,50472.37891,50261.26953,50359.46875
9/27/17,50336.32031,50549.78906,49778.80078,50169.12891
9/28/17,50063.82813,50228.12891,49920.21094,50137
9/29/17,50064.82031,50605.60156,50064.82031,50346.05859
10/2/17,50499.17188,50629.16016,50350.87109,50501.16016
10/3/17,50593.53906,50741.48828,50453.76172,50615.28906
10/4/17,50653.53125,50750.30078,50511.03906,50565.28906
10/5/17,50631.35938,50909.48047,50425.08984,50480.92188
10/6/17,50513.17188,50616.64844,50257.55078,50302.96094
10/9/17,50584.26953,50584.26953,49980.51172,50071.94141
10/10/17,50141.12109,50230.44141,49888.39844,49982.94141
10/11/17,50011.5,50257.64844,49904.87891,50139.67969
10/12/17,50148.62109,50306.07813,49858.26172,49962.78906
10/13/17,50040.39844,50224.98047,49914.96094,49981.94141
10/16/17,50029.82031,50230.03906,49673.21875,49721.01172
10/17/17,49760.78906,50208.42188,49544.89063,50140.51953
10/18/17,50112.5,50135.82031,49887.17969,49938.98047
10/19/17,49914.14844,50057.01172,49760.76172,50000.25
10/20/17,50207.87109,50582.62109,49896.62891,49988.71094
10/23/17,50033.55078,50109.71094,49509.55859,49548.12891
10/24/17,49612.85156,50194.73828,49612.85156,50157.21875
10/25/17,50166.46875,50166.46875,48804.03125,48876.46094
10/26/17,49004.30078,49388.76172,48954.30078,48986.83984
10/27/17,49011.64063,49327.32031,48829.73828,49209.57813
10/30/17,49250.78906,49252.55078,48779.03906,48855.26953
10/31/17,48929.26172,48958.83984,48579.67969,48625.53125
11/1/17,48700.16016,48829.82813,48261.07813,48334.44922
11/3/17,48334.87109,48584.21875,47824.96875,48534.83984
11/6/17,48623.41016,49061.42969,48281.12109,48967.01172
11/7/17,48946.12891,49276.46875,48879.48828,49004.51953
11/8/17,49001.94141,49058.83984,48806.55859,48835.69141
11/9/17,48731.87891,48927.44922,48633.76953,48713.51172
11/10/17,48659.32813,48717.35938,47972.78906,48028.30078
11/13/17,48013.10156,48103.07813,47662.37891,48002.42969
11/14/17,47999.60938,48044.60156,47659.14063,47873.64844
11/15/17,47853.82813,47958.12109,47471.12891,47690.80078
11/16/17,47736.58984,48025.85938,47711.51953,47747.69141
11/17/17,47780.35938,48107.71875,47597.76953,47857.14063
11/21/17,47831.62109,48258.82813,47750.73047,48185.71094
11/22/17,48263.12891,48453.19141,47933.19141,48196.89063
11/23/17,48208.92188,48246.94141,48036.39063,48136.23828
11/24/17,48199.82031,48210.96094,47662.33984,47941.87891
11/27/17,47874.69922,47887.12109,47221.46875,47275.32031
11/28/17,47312.30859,47494.19922,47108.76953,47229.16016
11/29/17,47298.30859,47681.89063,46960.89063,47622.92969
11/30/17,47618.32813,47639.87891,47003.07031,47092.44141
12/1/17,47098.35938,47401.51172,46936.60156,47265.30859
12/4/17,47289.46875,47514.91016,46993.75,47161.32031
12/5/17,47228.10156,47525.64063,47014.10938,47462.78906
12/6/17,47465.41016,47465.41016,46933.28906,46973.30078
12/7/17,47016.28125,47276.87109,46949.80078,46987.01172
12/8/17,47012.03125,47632.96094,47012.03125,47572.85938
12/11/17,47407.73047,47843.55078,47407.73047,47699.03906
12/13/17,47831.57813,48316.96875,47826.14844,48276.71875
12/14/17,48297.30078,48537.01953,48091.39844,48222.37891
12/15/17,48244.5,48360.42188,47930.80859,48081.55078
12/18/17,48082.82031,48733.57813,48071.01953,48634.53906
12/19/17,48636.51953,48792.23828,48368.89844,48403.03125
12/20/17,48449.23828,48536.73047,48191.28125,48390.39063
12/21/17,48418.08984,48767.23828,48402.32031,48503.30859
12/22/17,48429.96875,48590.57031,48232.83984,48387.92969
12/26/17,48473.30859,48801.28125,48198.17188,48451.32813
12/27/17,48470.87109,48810.87109,48425.71094,48652.55859
12/28/17,48659.42969,48999.5,48640.10938,48861.94141
12/29/17,48880.39063,49388.98047,48874.16016,49354.42188
1/2/18,49376.26172,50083.01953,49328.60156,50033.94922
1/3/18,50093.30859,50093.30859,49735.91016,49782.23047
1/4/18,49800.35938,50128.46875,49704.25,49744.62109
1/5/18,49929.51953,50079.03125,49712.53906,49887.73828
1/8/18,49916.57031,50233.62109,49891.07031,49995.57031
1/9/18,50002.03125,50162.75,49543.21094,49701.37109
1/10/18,49666.23047,49741.01953,48722.26953,48785.25
1/11/18,48840.16016,49026.05078,48408.75,48799.39063
1/12/18,48764.91016,49429.03125,48521.60938,49135.91016
1/15/18,49183.58984,49455.30859,49121.85156,49387.28125
1/16/18,49292.37891,49612.21875,49290.12109,49491.71875
1/17/18,49499.23047,49804.96094,49450.85156,49732.30078
1/18/18,49681.17969,49958.32813,49620.16016,49911.96875
1/19/18,49883.64063,49987.73047,49660.01172,49695.55859
1/22/18,49711.51172,50034.5,49709.19922,49974.48047
1/23/18,50030.55859,50306.87891,49884.91016,50260.25
1/24/18,50178.17969,50879.60938,50145.41016,50746.92969
1/25/18,50821.82813,51100.03125,50625.55859,50777.89844
1/26/18,50772.37109,51107.51172,50340.12891,51065.48828
1/29/18,51081.46875,51121.23047,50520.28125,50636.32031
1/30/18,50461.53906,50556.41016,49928.62109,50382.85938
1/31/18,50385.94922,50566.66016,50127.01172,50456.17188
2/1/18,50425.83984,50926.96094,50420.76172,50591.14844
2/2/18,50388,50513.30859,49900.46875,50395.82813
2/6/18,49023.32813,49709.92188,48681.96094,49304.94141
2/7/18,49247.64063,49504.98047,48853.69141,48976.44922
2/8/18,49054.75,49054.75,47726.12891,47862.10156
2/9/18,47998.80078,48139.85156,46985.80859,47799.08984
2/12/18,47950.62891,48234.73828,47504.60156,47830.48828
2/13/18,47892.46875,47995.85938,47675.48047,47926.73047
2/14/18,47871.58984,48560.26172,47758.96094,48400.75
2/15/18,48547.85156,48984.21875,48378.01953,48808.39063
2/16/18,48831.25,49378.25,48621.12109,48882.78125
2/19/18,48886.96875,49198.14063,48820.53125,48928.48047
2/20/18,48913.12109,48955.16016,48492.19141,48685.19141
2/21/18,48749.05078,48930.69922,48431.96875,48535.58984
2/22/18,48552.28906,49086.62891,48538.89844,48969.64063
2/23/18,49176.30859,49176.30859,48488.17969,48643.42969
2/26/18,48662.28906,48713.98828,48240.32031,48463.44141
2/27/18,48481.89844,48532.55078,47886.35938,47970.19141
2/28/18,48055.39063,48062.12891,47231.78906,47437.92969
3/1/18,47470.67188,47800.55859,47157.10938,47599.42188
3/2/18,47513.44141,47683.48828,47034.82031,47548.10156
3/5/18,47628.80859,47827.39844,47217.98047,47720.91016
3/6/18,47825.46875,48233.35156,47617.75,47884.62891
3/7/18,47815.69922,47831.92188,47529.76953,47662.12109
3/8/18,47710.21094,48285.76953,47696.32031,48240
3/9/18,48242.62109,48809.32031,48208.75,48556.44922
3/12/18,48592.85156,48983.92969,48521.98047,48671.28906
3/13/18,48652.98828,48896.67188,48471.26172,48557.01172
3/14/18,48572.48828,48608.30078,48096.80859,48156.44141
3/15/18,48107.85938,48508.26172,47778.92188,47817.05078
3/16/18,47833.39063,47920.37891,47365.19922,47477.57813
3/20/18,47342.37891,47360.51172,46987.30859,47076.51172
3/21/18,47078.85938,47606.37891,46896.78125,47521.83984
3/22/18,47457.92969,47566.48828,47152.46094,47361.03906
3/23/18,47510.58984,47638.5,46450.67969,46515.92969
3/26/18,46621.05078,46938.92969,45895.10156,46858.46094
3/27/18,46876.46875,47045.19141,46727.21875,46793.57813
3/28/18,46860.83984,46876.60938,46041.39063,46124.85156
4/2/18,46124.85156,46589.62891,45785.41016,45826.64063
4/3/18,45940.64063,46753.39063,45868.03906,46684.05859
4/4/18,46541.10156,47521.73047,46320.05078,47457.46094
4/5/18,47438.26172,48172.94141,47418.44922,47951.75
4/6/18,47863.60156,48091.19922,47655.42969,47926.10938
4/9/18,48008.89844,48307.35938,48000.92188,48058.96094
4/10/18,48099.87891,48490.78906,48099.32813,48331.51172
4/11/18,48253.83984,48571.41016,48186.51953,48532.14063
4/12/18,48550.01172,48828.05078,48335.53125,48782.55859
4/13/18,48817.17188,48828.89844,48560.26172,48768.30078
4/16/18,48750.48828,48840.35156,48378.35156,48434.39063
4/17/18,48420.51172,48965.94141,48340.03906,48933.60938
4/18/18,49032.92188,49187.55859,48964.32813,49090.73828
4/19/18,48881.67969,49193.05078,48574.25,48745.28125
4/20/18,48815.32813,48958.39063,48209.53906,48431.57813
4/23/18,48366.07813,48995.80078,48350.39844,48442.21875
4/24/18,48458.51953,48597.30859,47915.94141,48046.80078
4/25/18,48028.85938,48252.92188,47884.64063,48058.21094
4/26/18,48012.67969,48407.82031,47907.55078,48297.71094
4/27/18,48222.03906,48466.01172,48140.55859,48284.60938
4/30/18,48275.64063,48504.44141,48236.64844,48358.16016
5/2/18,48318.03125,48496.08984,47781.03906,47809.98047
5/3/18,47833.23828,47833.23828,47030.85938,47094.12891
5/4/18,47090.76172,47164.87109,46741.71875,46992.17188
5/7/18,47013.55078,47078.92969,46424.26172,46474.69922
5/8/18,46458,46747.82031,46311.48828,46719.51172
5/9/18,46747.82813,46815.26172,46162.23047,46294.42969
5/10/18,46280.05078,46931.48828,46280.05078,46551.55078
5/11/18,46634.69922,46876.96094,46255.19141,46728.92188
5/14/18,46724.69141,46842.51953,46488.71875,46519.28906
5/15/18,46463.85938,46537.51953,45959.12109,46258.96094
5/16/18,46267.01953,46507.21094,46197.32031,46419.76953
5/17/18,46422.35156,46433.14063,45746.89844,45787.89844
5/18/18,45731.62891,45810.87891,45364.91016,45666.76953
5/21/18,45707.30859,45999.58984,45289.41016,45305.01953
5/22/18,45384.83984,45640.28906,45104.80859,45600.87109
5/23/18,45530.26953,45985.82813,45226.57031,45776.69141
5/24/18,45743.14844,45799.05078,45363.98047,45433.08984
5/25/18,45503.46094,45775.07813,45055.92188,45091.98828
5/28/18,45071.14844,45322.48828,44795.35938,44851.05078
5/29/18,44866.19922,45157.14844,44582.94141,44647.37109
5/30/18,44635.28125,44956.37891,44436.14063,44715.87891
5/31/18,44666.91016,44843.41016,44429.35938,44662.55078
6/1/18,44692.78906,45155.62109,44531.80078,45013.12109
6/4/18,45024.96094,45344.16016,45016.32031,45243.98047
6/5/18,45206.78125,45555.51953,45073.71094,45130.69922
6/6/18,45192.48828,45295.98047,45115.53906,45181.82031
6/7/18,45095.44922,45508.44141,44977.82813,45476.57031
6/8/18,45479.94922,45990.14844,45281.07813,45939.53906
6/11/18,45903.89063,46402.41016,45888.23828,46301.14063
6/12/18,46385.89063,46838.25,46274.19922,46660.75
6/13/18,46579.73047,47170.57813,46579.73047,46760.57813
6/14/18,46620.44922,47282.85156,46601.35156,47197.23828
6/15/18,47139.26953,47202.35938,46584.44922,46938.82031
6/18/18,46917.48047,46917.48047,46267.75,46660.87109
6/19/18,46389.41016,46601.46094,46238.76953,46488.37891
6/20/18,46518.28906,46883.85156,46515.87109,46759.41016
6/21/18,46627.76172,46753.19141,46419.39063,46456.91016
6/22/18,46472.62891,46777.66016,46285.03906,46737.64063
6/25/18,46832.58984,47059.92188,46501.23828,46747.85156
6/26/18,46818.89844,46961.46875,46569.01172,46908.94141
6/27/18,46874.35156,47026.35938,46690.39063,46874.42969
6/28/18,46849.80078,47250.55078,46649.92969,47031.26953
6/29/18,47025.69922,47705.57031,47021.71094,47663.19922
7/2/18,47684.42969,47695.64063,46566.28906,46653.51953
7/3/18,46732.80859,47248.73047,46652.82031,47053.89063
7/4/18,46904.83984,47384.71094,46877.32813,47318.51953
7/5/18,47319.71094,48617.25,47008,48562.64844
7/6/18,48539.57031,49277.78906,48398.05859,48981.41016
7/9/18,49036.57031,49477.30859,48848.96875,49235.80859
7/10/18,49277.01172,49427.53125,48747.32813,48990.92188
7/11/18,48890.48828,49058.25,48689.10938,49025.14844
7/12/18,49081.37891,49081.37891,48663.62891,48696.30078
7/13/18,48692.85938,48700.76953,48327.32031,48406.01172
7/16/18,48187.57813,48555.26172,48052.87891,48454.21094
7/17/18,48459.23828,48744.67188,48264.85156,48704.62891
7/18/18,48710.89844,49119.67188,48659.78906,49002.76953
7/19/18,48893.12109,49028.48828,48607.53906,48747.78906
7/20/18,48826.10156,48945.98828,48397.25,48908.23828
7/23/18,48909.48828,49023.71094,48691.25,48850.92969
7/24/18,48905.01172,49576.87891,48896.53125,49462.76953
7/25/18,49621.80859,49993.69141,49305.25,49603.64844
7/26/18,49637.30078,50037.44141,49322.87109,49438.23828
7/27/18,49475.57031,49825.37109,49281.82813,49643.94141
7/30/18,49635.85156,49954.85938,49542.91016,49705.28125
7/31/18,49732.23828,50080.80078,49582.46094,49698.01172
8/1/18,49742.05859,49786.71875,49394.66016,49449.44141
8/2/18,49364.14063,49364.14063,48880.21094,49056.03906
8/3/18,49237.26953,49439.71094,49183.73828,49302.57031
8/6/18,49373.64844,49403.58984,49072.42969,49320.21094
8/7/18,49411.37891,50071.98828,49411.37891,49963.87109
8/8/18,49979.44922,49987.17188,49670.48828,49894.55859
8/9/18,49931.51953,49957,49218.85156,49244.39844
8/10/18,49193.35156,49240.19141,48109.03906,48383.58984
8/13/18,48383.73047,48902.12891,48365.05078,48767.01953
8/14/18,48815.71094,49267.67188,48789.85938,49096.12891
8/15/18,49033.17188,49054.23828,48468.53125,48556.69141
8/16/18,48666.80078,48681.69141,47970.07031,48059.05859
8/17/18,48065.21875,48308.98047,47879.07813,48264.62891
8/20/18,48277.94141,48875.39844,48245.83984,48785.48047
8/21/18,48791.83984,49430.03125,48731.37891,49344.05078
8/22/18,49282.85938,49910.87109,49142.53906,49880.33984
8/23/18,49895.30859,50093.35938,49636.91016,49749.55859
8/24/18,49719.87891,50088.67188,49519.96875,49633.76953
8/27/18,49789.19141,50485.51172,49789.19141,50416.26953
8/28/18,50518.28125,50603.39063,49810,50023.98047
8/29/18,50048.83984,50238.08984,49927.89844,50187.48047
8/30/18,50178.57031,50199.30078,49280.91016,49653.14063
8/31/18,49540.08984,49900.14844,49297.55859,49547.67969
9/3/18,49574.12109,49727.21094,49421.05859,49488.48047
9/4/18,49491.41016,49541.30078,48805.16016,48884.17188
9/5/18,48757.87109,48944.64844,48478.30078,48595.37109
9/6/18,48631.30078,48904.71094,48553.05859,48711.85156
9/7/18,48602.26953,48999.96875,48198.73828,48971.14063
9/10/18,49027.39844,49044.80859,48571.69922,48848.73828
9/11/18,48739.76172,48918.30859,48483.67188,48895.80078
9/12/18,48886.87891,49347.35938,48687.80078,49254.98047
9/13/18,49219.44922,49761.89063,49133.37109,49693.21094
9/14/18,49460.30859,49841.57031,49342.46875,49611.92969
9/17/18,49553.87891,49810.05078,49373.53906,49398.57031
9/18/18,49412,49843.58984,49395.51172,49661.82813
9/19/18,49623.98047,49887.78906,49536.32031,49590.78906
9/20/18,49590.98047,49812.14063,49315.39063,49510.78125
9/21/18,49483.03906,49732.35156,49296.57031,49344.28906
9/24/18,49304.87891,49486.71875,49032.76953,49417.21875
9/25/18,49447.98047,49721.19922,49447.98047,49651.55078
9/26/18,49675.71094,49944.28906,49555.12891,49606.07031
9/27/18,49641.67188,49964.96875,49492.69141,49646.91016
9/28/18,49542.51172,49644.23828,49347.51953,49504.16016
10/1/18,49547.85156,50041.60156,49547.85156,49841.46875
10/2/18,49821.57031,49924.62109,49290.42188,49376.5
10/3/18,49442.98828,49487.53906,48926.41016,49005.35156
10/4/18,49001.39844,49001.39844,48461.21875,48683.26172
10/5/18,48717.80078,48735.10938,48004.92188,48052.85156
10/8/18,48018.35156,48183.28125,47869.23828,48093.10156
10/9/18,48040.87891,48552.07813,47673.37891,48505.21875
10/10/18,48506.96094,48525.10938,48025.26953,48136.17969
10/11/18,48123.58984,48205.01172,47478.58984,47558.23047
10/12/18,47656.85938,48078.44141,47071.23828,47444.05078
10/15/18,47447.60156,47963.48828,47204.89063,47739.08984
10/16/18,47830.80859,48299.23047,47794.30859,48191.57031
10/17/18,48221.01172,48221.01172,47778.82813,47887.94922
10/18/18,47823.33984,48026.19141,46929.42188,47024.46094
10/19/18,47151.30078,47568.87891,47103.46094,47437.44922
10/22/18,47485.73828,47672.92188,46657.82031,46962.73828
10/23/18,46771.46094,46843.82813,46279.39063,46449.03125
10/24/18,46537.17969,46640.17188,45898.37891,45959.03906
10/25/18,46102.14844,46626.07813,46019.26172,46275.71094
10/26/18,46107.96875,46118.46094,45677.26953,45803.32813
10/29/18,45763.08984,45823.44922,43779.5,43879.12891
10/30/18,43849.51953,43932.87891,43407.48828,43538.12109
10/31/18,43626.60156,44300.66016,43604.78125,43942.55078
11/1/18,43993.35156,45585.01172,43964.82813,45446.82813
11/5/18,45449.05078,46865.73828,45432.98828,46817.35938
11/6/18,46797.87109,46975.17969,46120.48828,46328.35156
11/7/18,46423.80078,46957.60938,46423.80078,46917.39844
11/8/18,46808.51953,46815.62109,44019.78906,44190.25
11/9/18,44277.30078,44539.87109,42816.75,44263.73828
11/12/18,44098.92969,44253.10938,43172.16016,43310.01172
11/13/18,43212.69922,43308.76953,42396.62109,42421.32813
11/14/18,42474.82031,43220.57813,42141.94141,42343.96094
11/15/18,42323.82031,42457.67969,41284.03906,41450.64844
11/16/18,41368.58984,42460.85938,41368.58984,42319.26953
11/20/18,41885.62109,42505.14063,41705.71875,41797.37109
11/21/18,41893.44141,42216.03906,41456.66016,41499.92969
11/22/18,41520.25,41542.71875,41055.80859,41271.12109
11/23/18,41342.37109,41557.21094,41084.44141,41144.32813
11/26/18,41275.82031,41463.35156,39271.55859,39427.28125
11/27/18,39557.89844,40150,39470,39807.28125
11/28/18,39939.80078,41040.58984,39901.73047,40989.48047
11/29/18,41038.85156,41973.80078,40985.26172,41913.44922
11/30/18,41976.33984,41984.57813,41416.14844,41732.78125
12/3/18,41976.60938,42947.19922,41844.05859,42081.78125
12/4/18,42127.33984,42267.66016,41713.28906,41865.07031
12/5/18,41929.94141,41992.35938,41748.42188,41895.26953
12/6/18,41641.23828,42035.98828,41175.96094,41987
12/7/18,42031.53906,42315.83984,41781.60156,41870.12891
12/10/18,41892.67969,41934.53906,41194.57813,41356.03906
12/11/18,41512.10938,41665.17969,40799.32031,40897.85156
12/13/18,41118.62891,41841.64844,41118.62891,41512.51172
12/14/18,41539.55078,41744.73828,41243.78906,41312.17188
12/17/18,41307.51953,41596.05078,40278.16016,40340.51172
12/18/18,40480.75,41148.39844,40419.19922,40917.57031
12/19/18,40950.32031,42032.26172,40950.32031,41388.28125
12/20/18,41562.23828,41751.89844,41309.39844,41683.26953
12/21/18,41676.14063,41799.39063,41135.14063,41468.55859
12/24/18,41421.55859,41698.25,41182.60938,41380.10938
12/26/18,41364.16016,41702.85938,41177.80078,41573.60938
12/27/18,41444.23828,41584.64063,40978.92188,41417.85156
12/28/18,41422.48047,41621.37891,41216.03125,41459.14844
12/31/18,41461.69141,41723.69141,41421.07031,41640.26953
1/2/19,41550.75,42328.55078,41436.48828,42271.14063
1/3/19,42172.26172,42292.39063,41699.78125,42044.32031
1/4/19,42024.76953,42661.83984,42024.76953,42455.12891
1/7/19,42489.05078,42896.10938,42313.05859,42834.19922
1/8/19,43264.19141,43582.19141,43024.51953,43542.87109
1/9/19,43563.71875,44046.76953,43552.60938,43648.07031
1/10/19,43669.03125,43792.17969,43481.83984,43668.94922
1/11/19,43707.26953,43761.19141,43372.60156,43556.10938
1/14/19,43548.55859,43681.32813,43171.01953,43397.98047
1/15/19,43387.75,43747.98828,43387.75,43603.62109
1/16/19,43640.60938,43984.60156,43602.94141,43819.53125
1/17/19,43845.46094,44070.83984,43843.07031,43932.07813
1/18/19,44024.91016,44507.39844,43995.48047,44241.53906
1/21/19,44273.35938,44541.41016,43797.10156,44028.96094
1/22/19,44066.30078,44073.23828,43602.82813,43768.07813
1/23/19,43831.78906,44104.57031,43382.35156,43679.67188
1/24/19,43738.64063,43856.28906,43420.37891,43566.10938
1/25/19,43603.12109,44051.76172,43436.94922,43638.62109
1/28/19,43590.30078,43959.87109,43468.17188,43626.14844
1/29/19,43671.46875,43902.07813,43607.14063,43700.10156
1/30/19,43734.32813,43915.14844,43084.44922,43631.35938
1/31/19,43668.53906,44190.28125,43600.01172,43987.94141
2/1/19,44095.44141,44226.17188,43679.30078,43738.26953
2/5/19,43898.10938,44491.75,43830.46875,44337.10156
2/6/19,44391.71094,44495.01953,43808.82813,43855.78906
2/7/19,43808.78125,44090.48828,43586.87109,43624.55078
2/8/19,43576.69922,43620.28906,43116.55859,43180.44922
2/11/19,43126.03906,43471.87109,43108.5,43285.17188
2/12/19,43328.48047,43616.03125,42970.12109,43113.78906
2/13/19,43138.51172,43194.25,42202.96094,42284.05859
2/14/19,42364.98828,42780.89063,42066.07813,42725.21875
2/15/19,42810.12891,43035.53125,42677.39063,42988.71875
2/18/19,43022.66016,43119.57031,42856.23047,42981.30859
2/19/19,43003.41016,43320.51953,42803.87891,42949.5
2/20/19,42997.03906,43345.85938,42997.03906,43178
2/21/19,43161.03906,43633.48047,43003.39063,43577.64063
2/22/19,43583.28125,44001.21875,43571.76953,43738.66016
2/25/19,43805.26953,44070.12891,43634.64063,43664.32813
2/26/19,43647.42188,43724.33984,43445.91016,43623.32813
2/27/19,43662.12109,43662.12109,43184.85938,43311.17969
2/28/19,43267.73828,43355.39063,42550.08984,42823.80859
3/1/19,42947.71094,43021.91016,42291.94141,42619.23047
3/4/19,42598.19141,42648.69922,42197.87109,42418.48828
3/5/19,42367.92188,42425.08984,42099.85938,42128.91016
3/6/19,42134.46094,42419.23047,41859.21875,41908.14844
3/7/19,41911.53125,42008.46875,41523.92188,41641.83984
3/8/19,41583.92969,41674.73047,41140.32031,41586.69922
3/11/19,41631.19141,41985.08984,41490.62109,41876.17188
3/12/19,41878.37109,42174.26172,41558.16016,41740.62109
3/13/19,41836.30859,42026.64063,41795.01172,41932.55859
3/14/19,41935.91016,41982.01953,41469.92188,41777.80859
3/15/19,41810.08984,42309.96875,41798.94922,42210.46094
3/19/19,42431.76172,42745.48828,42217.08984,42378.60938
3/20/19,42389.60156,43250.60938,42231.19141,43156.21094
3/21/19,43121.89844,43362.91016,42851.91016,43251.19141
3/22/19,43052.28125,43076.12109,42132.30078,42259.12109
3/25/19,42292.69141,42757.78906,42276.03906,42703.37891
3/26/19,42695.75,43013.82031,42679.42188,42826.16016
3/27/19,42893.37891,43116.5,42809.76953,42947.55078
3/28/19,42982.98047,43069.92969,42539.44141,42942.23047
3/29/19,43046.92188,43316.67188,42960.14844,43281.28125
4/1/19,43302.44922,43838.19141,43302.44922,43672.05859
4/2/19,43672.05859,43672.05859,43168.05859,43324.58984
4/3/19,43391.92969,43658.96094,43298.19922,43339.75
4/4/19,43341.19141,43990.17969,43252.28125,43937.39063
4/5/19,44007.73047,45023.53906,44007.73047,44989.85938
4/8/19,44970.17969,45513.89844,44725.21875,45436.28125
4/9/19,45346.82813,45346.82813,44854.53125,45151.62891
4/10/19,45204.75,45219.41016,44850.10938,44909.14063
4/11/19,44872.53125,44966.5,44373.48828,44580.05859
4/12/19,44767.67188,44888.69922,44534.37891,44686.05859
4/15/19,44649.73828,44900.92969,44347.53125,44625.78125
4/16/19,44665.28906,45061.78906,44644.05859,45009.35938
4/17/19,45038.35156,45599.57031,44922.60156,45525.28906
4/22/19,45507.78125,45590.44141,45321.21875,45381.21875
4/23/19,45355.92969,45424.42188,44948.69141,45148.32031
4/24/19,45112.12891,45186.26953,44666.25,45045.32813
4/25/19,45005.03906,45064.92969,44712.30078,45026.67969
4/26/19,45074.69922,45208.37109,44769.35156,44974.96875
4/29/19,44987.05078,45211.14844,44686.53125,44956.73047
4/30/19,44900.01953,44904.05078,44338.51953,44597.32031
5/2/19,44513.05078,44577,44236.35938,44312.42969
5/3/19,44207.35938,44517.60938,44187.46875,44277.23828
5/6/19,44083.67188,44175.94141,43733.51172,44116.69922
5/7/19,44041.78125,44047.71094,43408.96875,43583.60156
5/8/19,43550.73047,43629.98047,43265.58984,43410.73828
5/9/19,43249.80859,43292.32031,42634.85156,43193.35938
5/10/19,43082.87891,43496.53125,42591.92969,43382.35156
5/13/19,43172.28906,43210.14063,42524.21094,43142.46094
5/14/19,43115.82813,43555.60938,43065.05859,43431.53125
5/15/19,43235.35938,43389.53906,42976.44922,43338.82031
5/16/19,43357.07813,43696.32813,43259.37109,43442.48828
5/17/19,43355.28906,43612.89063,43289.28906,43445.62109
5/20/19,43513.64063,43802.25,43240.01172,43519.21875
5/21/19,43559.12891,43657.82031,42951.12109,43190.10156
5/22/19,43145.10938,43151.23828,42716.51172,42942.23047
5/23/19,42834.26172,42863.41016,42505.32813,42812.57031
5/24/19,42878.92969,42957.67969,42299.23047,42617.60156
5/27/19,42605.78906,42613.87109,42454.19141,42491.42969
5/28/19,42497.48047,42601.98828,42103.10156,42207.71094
5/29/19,42108.98047,42889.55859,42050.42188,42854.75
5/30/19,42861.39844,43464.23828,42818.17969,43345.82031
5/31/19,42693.10938,42867.10156,42304.92969,42749.16016
6/3/19,42857.78906,43319.16016,42748.73828,43108.42188
6/4/19,43220.28125,43583.98828,43058,43241.82031
6/5/19,43171.73047,43466.28906,43011.46875,43420.37891
6/6/19,43417.96094,43485.10938,42850.10938,43147.82813
6/7/19,43174.92969,43496.69922,43080.28125,43291.32813
6/10/19,43431.89063,43892.48047,43337.82031,43609.17188
6/11/19,43758.87109,43884.03125,43569.83984,43713.66016
6/12/19,43770.89844,43958.39844,43593.25,43800.16016
6/13/19,43772.05078,43848.39063,43326.57813,43483.19922
6/14/19,43496.78125,43503.16016,42971.76172,43130.64844
6/17/19,43088.23047,43529.87109,42908.78906,42964.71094
6/18/19,42990.85938,43495.53906,42987.46875,43161.05078
6/19/19,43215.53906,43479.26172,43208.17188,43375.67188
6/20/19,43552.48047,43920.78906,43470.19141,43645.10938
6/21/19,43623.28906,43828.07031,43347.66016,43526.73047
6/24/19,43568.21875,43790.28125,43546.64844,43743.71875
6/25/19,43637.44922,43926.42969,43623.01953,43792.17188
6/26/19,43813.37891,43899.23047,43682.21875,43792.07813
6/27/19,43872.26953,43872.26953,43278.55859,43316.55859
6/28/19,43371,43416.60156,43009.85156,43161.17188
7/1/19,43218.10156,43557.28125,43019.73047,43438.23828
7/2/19,43503,43713.42969,43361.96094,43441.80078
7/3/19,43501.28906,43567.87109,43305.23047,43483.23047
7/4/19,43487.35156,43551.98047,43412.48047,43461.48047
7/5/19,43453.62891,43521.07813,43137.96094,43405.32031
7/8/19,43494.39844,43763.98828,43324.01172,43589.07813
7/9/19,43508.14063,43628.92969,42730.83984,42818.66016
7/10/19,42977.42969,43193.19922,42668.92969,42805.60938
7/11/19,42816.51172,43017.17188,42617.48828,42882.01953
7/12/19,42870.17188,42872.35156,42452.94922,42647.30859
7/15/19,42698.08984,43144.73047,42526.92188,43063.94922
7/16/19,43078.51953,43167.07813,42700.96875,42984.96875
7/17/19,43070.42969,43093.58984,42496.05859,42551.53906
7/18/19,42534.85156,42541.53906,41429.12109,41618.10938
7/19/19,41684.32813,41960.55078,41558.42188,41606.53906
7/22/19,41722.21094,41768.53906,41165,41209.32031
7/23/19,41210.01172,41325.69141,40727,40935.33984
7/24/19,40957.96875,41302.87109,40917.94141,41167.73828
7/25/19,41126.82813,41163.73047,40785.92188,40933.42969
7/26/19,40932.41016,41150.33984,40625.55859,40673.78125
7/29/19,40644.98828,41394.44141,40644.98828,41276.67188
7/30/19,41238.10156,41248.55859,40862.92969,41159.26953
7/31/19,41085.85938,41098.25,40540.96875,40863.08984
8/1/19,40816.98047,40978.66016,40302.91016,40346.80078
8/2/19,40199.33984,40199.33984,39630.66016,39977.51953
8/5/19,39807.01953,39820.62109,39279.51953,39496.35938
8/6/19,39538.46875,39974.92188,39525.44141,39785.62891
8/7/19,39578.03125,40471.73828,39479.46875,40432.35938
8/8/19,40496.07031,40699.85156,40390.03906,40439.42188
8/9/19,40463.75,40501.69922,40110.92188,40421.28125
8/12/19,40311.12109,40347.37891,39810.14063,39851.21094
8/13/19,39786.26953,40010.87109,39430.80078,39476.5
8/14/19,39345.57031,39351.23828,38562.12891,38650.08984
8/15/19,38622.44141,38858.28906,38265.51172,38574.17969
8/16/19,38636.21875,39374.71094,38611.05859,39339.55078
8/19/19,39396.5,39830.30078,39352.39063,39556.32031
8/20/19,39551.57031,39842.94922,39435.67188,39700.05078
8/21/19,39780.30078,40122.44922,39697.10156,40076.03906
8/22/19,40072.37109,40378.73047,40023.67969,40144.23828
8/23/19,40000.89063,40226.64844,39782.73047,39862.07031
8/26/19,39915.57031,40144.82031,39887.62109,40081.71875
8/27/19,40105.19141,40721.35938,40105.19141,40648.96875
8/28/19,40654.39063,41065.42188,40580.96094,40941.96094
8/29/19,41030.12891,42005.33984,41030.12891,41831.30078
8/30/19,42000.89063,42680.23047,41898.67188,42622.5
9/2/19,42621.87109,42621.87109,41988.01172,42108.23047
9/3/19,42222.28125,42237.39844,41724.23047,41826.55078
9/4/19,41934.42969,42359.89063,41901.98047,42324.46875
9/5/19,42495.98047,42768.62109,42475.5,42731.48047
9/6/19,42873.60156,43037.26172,42615.30859,42707.66016
9/9/19,42808.23047,43231.51953,42555.82031,42662.46875
9/10/19,42607.98828,42860.28906,42402.64844,42588.10156
9/11/19,42607.67188,42809.05078,42483.10156,42749.17188
9/12/19,42798.12891,43030.26953,42589.12891,42670.41016
9/13/19,42716.87109,42995.32813,42675.87891,42841.46094
9/17/19,42823.51172,43486.62109,42743.26172,43448.94141
9/18/19,43396.19141,43456.85938,42902.37109,43070.33984
9/19/19,43102.80859,43139.03125,42937.05859,43017.46094
9/20/19,43084.33984,43665.94141,43014.51953,43559.44922
9/23/19,43436.21875,43531.71875,43401.57031,43507.94922
9/24/19,43497.67188,43560.05078,43051.21875,43099.32813
9/25/19,43099.01172,43099.01172,42563.07031,43014.07813
9/26/19,43051.01172,43220.83984,42835.32031,42984.75
9/27/19,43042.44922,43042.44922,42750.16016,42857.57813
9/30/19,42782.07031,43230.64844,42776.42188,43011.26953
10/1/19,43006.12109,43110.30078,42863.48828,42937.16016
10/2/19,42787.53906,42804.46094,42128.96875,42222.89844
10/3/19,42202.66016,42504.08984,42107.01172,42443.30859
10/4/19,42457.55078,43448.64063,42426.82813,43416.89844